timestamp,month,week,day,day_of_week,load_type_light_OneHotEnc,load_type_maximum_OneHotEnc,load_type_medium_OneHotEnc,lagging_current_reactive_power_kvarh_log,leading_current_reactive_power_kvarh_log,co2_tco2_log,lagging_current_power_factor_log,leading_current_power_factor_log,nsm_log,usage_kwh_log
2018-01-01 00:00:00,1,1,1,1,1.0,0.0,0.0,1.505261880183934,2.0678749053083707,-6.173786103901953,4.4269093732018145,4.184503872784199,10.498746232276948,2.0963908373885327
2018-01-02 06:00:00,1,1,2,4,1.0,0.0,0.0,3.164468916281091,0.03496487503585719,-3.7578723256008892,4.411671396004009,4.587960444256899,10.611277009832943,3.969747740359511
2018-01-03 12:00:00,1,1,3,7,1.0,0.0,0.0,0.7047875017166204,2.2941328061790616,-5.837313867280747,4.458655830632032,4.136259292822092,10.712415766081783,2.143374410697183
2018-01-06 00:00:00,1,1,6,5,1.0,0.0,0.0,2.308061735439567,1.3253936595302753,-4.938314632516639,4.283139335433016,4.466448202668011,10.498746232276948,2.8717079263703136
2018-01-08 12:00:00,1,2,8,6,1.0,0.0,0.0,1.4402102551513036,1.7921621659126379,-5.521460917862246,4.406107271427348,4.269865267785551,10.712415766081783,2.4597241602830797
2018-01-09 18:00:00,1,2,9,1,1.0,0.0,0.0,2.429959025644726,1.0762246564571405,-4.849367146500137,4.314357663230118,4.449567480259053,10.804258472752247,2.961878134547415
2018-01-11 00:00:00,1,2,11,4,0.0,0.0,1.0,2.623714030433848,1.050063761968659,-4.5968713831734,4.364924981460932,4.478359965123452,10.498746232276948,3.204749854822089
2018-01-12 06:00:00,1,2,12,6,1.0,0.0,0.0,1.7602831352526322,1.8874483651891503,-5.061928588483812,4.493330391732507,4.342878585547172,10.611277009832943,2.883640822556872
2018-01-13 12:00:00,1,2,13,7,1.0,0.0,0.0,1.8279976407319916,2.194052886170584,-4.817950950266758,4.491335906223081,4.31167681616489,10.712415766081783,3.0398926893396454
2018-01-14 18:00:00,1,2,14,1,1.0,0.0,0.0,2.850364439153513,1.7112571652155586,-4.2336066295556085,4.450546477633811,4.421881161348008,10.804258472752247,3.5275363037051735
2018-01-16 00:00:00,1,3,16,2,0.0,0.0,1.0,2.940470589196629,0.6345023684595882,-4.194164897504314,4.367394057108724,4.553668097874823,10.498746232276948,3.562378054983342
2018-01-17 06:00:00,1,3,17,3,1.0,0.0,0.0,3.2130153524638287,0.14870732016119226,-3.7227810057896202,4.472357582591734,4.5847055396056255,10.611277009832943,3.930758069617508
2018-01-18 12:00:00,1,3,18,5,1.0,0.0,0.0,3.560285850519038,0.5731429298308521,-3.283414346005772,4.5111122218343915,4.562539264679193,10.712415766081783,4.405394182762044
2018-01-19 18:00:00,1,3,19,6,1.0,0.0,0.0,3.079253539407228,0.6188725278491243,-3.624340932976368,4.5292426106421795,4.577329540203362,10.804258472752247,4.051118058815601
2018-01-21 00:00:00,1,3,21,7,0.0,0.0,1.0,1.9471593684557453,2.335673258405235,-5.585999438999818,4.457761036449786,4.181497827293288,10.498746232276948,2.4009814148502393
2018-01-22 06:00:00,1,4,22,1,1.0,0.0,0.0,3.3181418065248294,0.0874765465592656,-3.7297014486341915,4.458521710783685,4.583110313028675,10.611277009832943,3.937588407758426
2018-01-23 12:00:00,1,4,23,3,1.0,0.0,0.0,3.349702312533486,0.5953965252162605,-3.624340932976368,4.4865198993782895,4.567373991060101,10.712415766081783,4.061598951384709
2018-01-24 18:00:00,1,4,24,4,1.0,0.0,0.0,3.076935845625184,0.6520213204327681,-3.7578723256008892,4.498222300013256,4.5803103927571485,10.804258472752247,3.883908126893508
2018-01-26 00:00:00,1,4,26,5,0.0,0.0,1.0,3.3302651307941527,-0.1595820698244653,-3.5290307531720413,4.46720421322692,4.58693747572703,10.498746232276948,4.145921844059176
2018-01-27 06:00:00,1,4,27,6,1.0,0.0,0.0,1.2040727993262694,1.9692080612801353,-5.349610660935587,4.455391324709496,4.4049901108928236,10.611277009832943,2.624203508182959
2018-01-28 12:00:00,1,4,28,1,1.0,0.0,0.0,2.449847819528304,1.8221943708618231,-4.298911727963377,4.486464537355216,4.419896275283145,10.712415766081783,3.5231126087844333
2018-01-29 18:00:00,1,5,29,2,1.0,0.0,0.0,3.2215721864159432,-0.07913339899778579,-3.587526959853651,4.4800254317539006,4.585551491775185,10.804258472752247,4.122281229665123
2018-01-31 00:00:00,1,5,31,3,0.0,1.0,0.0,2.9985823748206926,-0.08828491486757167,-3.7650408150795034,4.431707275267346,4.586444278820693,10.498746232276948,3.949077913379157
2018-02-01 06:00:00,2,5,1,2,0.0,0.0,1.0,2.9177346953989294,0.8971758680144729,-5.265527543725058,4.465426201785017,4.540210242731358,10.611277009832943,3.799484940831539
2018-02-02 12:00:00,2,5,2,5,1.0,0.0,0.0,2.2690541622851006,1.1620303907038843,-4.084394231368934,4.508347195796283,4.550589916464398,10.712415766081783,3.6284923040988413
2018-02-03 18:00:00,2,5,3,1,1.0,0.0,0.0,2.5101140350092543,1.0131754290509376,-4.292795500945944,4.3972702744499745,4.533797699748121,10.804258472752247,3.445347166275085
2018-02-05 00:00:00,2,6,5,3,1.0,0.0,0.0,2.902103595898867,0.7480298587285346,-4.109458200032153,4.295387915511425,4.542222398961872,10.498746232276948,3.633822507115583
2018-02-06 06:00:00,2,6,6,6,1.0,0.0,0.0,1.9302645834781833,1.985416993430324,-5.729100282640491,4.362439171728193,4.199676327466638,10.611277009832943,2.329989472572956
2018-02-07 12:00:00,2,6,7,4,1.0,0.0,0.0,2.0986823281664866,1.8882053674963073,-5.023214076303121,4.387720808716725,4.249095062121326,10.712415766081783,2.798926322559063
2018-02-08 18:00:00,2,6,8,7,1.0,0.0,0.0,1.8107175133847628,1.7362614408907493,-5.500841630659519,4.363047668076079,4.249214031277524,10.804258472752247,2.424891217378014
2018-02-10 00:00:00,2,6,10,2,1.0,0.0,0.0,2.915032753003872,0.06352238004103068,-4.4654082436129325,4.192175552012499,4.558971785296235,10.498746232276948,3.3067768060426634
2018-02-11 06:00:00,2,6,11,5,1.0,0.0,0.0,2.731343461071502,1.0039963122932605,-4.502312800548387,4.391317713614788,4.473359217347065,10.611277009832943,3.262691733152625
2018-02-12 12:00:00,2,7,12,2,1.0,0.0,0.0,2.423215921687716,1.8670344189286887,-4.31125756378568,4.502373972288465,4.279204561110702,10.712415766081783,3.4657645482227757
2018-02-13 18:00:00,2,7,13,3,1.0,0.0,0.0,1.7048238469447226,2.163878426952238,-4.9982127740976985,4.487226199879879,4.1730748706147835,10.804258472752247,2.848657196947106
2018-02-18 18:00:00,2,7,18,1,1.0,0.0,0.0,2.7468701929517922,1.209606902943029,-4.124803769706813,4.412825565696014,4.4598437907205195,10.804258472752247,3.59333174610202
2018-02-20 00:00:00,2,8,20,2,1.0,0.0,0.0,3.0183495634193998,-0.09184120366558002,-3.7543072594363944,4.452693798195797,4.58320572360944,10.498746232276948,3.9787591101092046
2018-02-21 06:00:00,2,8,21,3,0.0,0.0,1.0,3.1580530584224156,-0.07976496846886268,-3.6658141811829417,4.468106849099516,4.585781772893363,10.611277009832943,4.061495617281062
2018-02-22 12:00:00,2,8,22,5,1.0,0.0,0.0,3.345552527694704,0.4358865371014968,-3.596604178004768,4.443463671489904,4.5680046927560864,10.712415766081783,4.11601907479159
2018-02-23 18:00:00,2,8,23,6,1.0,0.0,0.0,2.628309299732421,0.29744674250669306,-3.7578723256008892,4.519247307278294,4.578523290029344,10.804258472752247,3.948841797816358
2018-02-25 00:00:00,2,8,25,7,1.0,0.0,0.0,1.2319040692546273,2.0312793053224643,-6.99476665597184,4.437795368077333,4.212453470702093,10.498746232276948,1.7919261220073759
2018-02-26 06:00:00,2,9,26,1,0.0,1.0,0.0,2.571874044328935,0.858237800425538,-4.245167451956687,4.465773052062238,4.548117354809391,10.611277009832943,3.50176141255644
2018-02-27 12:00:00,2,9,27,3,1.0,0.0,0.0,2.953124831904535,1.009386340111909,-3.9288301237445307,4.452879164812188,4.534086737910776,10.712415766081783,3.810316915326884
2018-02-28 18:00:00,2,9,28,3,1.0,0.0,0.0,2.604804731108173,1.1548875966354444,-4.124803769706813,4.462209717109805,4.516316203351956,10.804258472752247,3.634143838221438
2018-03-02 00:00:00,3,9,2,6,1.0,0.0,0.0,1.8923712273636764,0.3473650746129545,-4.532849524408466,4.455857782801083,4.58112848650781,10.498746232276948,3.1498043788657815
2018-03-03 06:00:00,3,9,3,6,0.0,1.0,0.0,2.1608198954424194,1.6102209391220048,-4.55638002181866,4.4293683296832524,4.422285470650127,10.611277009832943,3.206675030286746
2018-03-04 12:00:00,3,9,4,4,0.0,0.0,1.0,3.2045030293180137,1.063560650609191,-3.783190133585178,4.417264064500219,4.524784989116268,10.712415766081783,3.9315952140231127
2018-03-05 18:00:00,3,10,5,7,1.0,0.0,0.0,1.5727566388397456,2.1286780348011094,-5.991464547107982,4.367632915325315,4.106091957255734,10.804258472752247,2.118351709824135
2018-03-07 00:00:00,3,10,7,2,1.0,0.0,0.0,2.6841615707870132,0.2643494721253339,-4.388715622824684,4.253301530461274,4.567162803118493,10.498746232276948,3.3714567017707626
2018-03-08 06:00:00,3,10,8,5,0.0,1.0,0.0,1.6344231651280088,1.8880792402337323,-5.9269260259704355,4.340940933511086,4.1761882113292135,10.611277009832943,2.0958786262644016
2018-03-09 12:00:00,3,10,9,3,0.0,0.0,1.0,2.942168860536207,0.9637466730304505,-4.298911727963377,4.316593268837746,4.499165944664831,10.712415766081783,3.4523471935343597
2018-03-10 18:00:00,3,10,10,6,1.0,0.0,0.0,1.7538123891042263,1.7088306563121352,-5.129982051728834,4.385474849408905,4.305780962600279,10.804258472752247,2.806209852656652
2018-03-12 00:00:00,3,11,12,1,1.0,0.0,0.0,2.493418928437697,0.4197514593665956,-4.639071737663779,4.395626444933318,4.556649360543728,10.498746232276948,3.159253200884228
2018-03-13 06:00:00,3,11,13,2,0.0,1.0,0.0,2.9914815854997516,0.646535890918437,-4.074541934925921,4.362108750735911,4.548946335307918,10.611277009832943,3.654367802572071
2018-03-14 12:00:00,3,11,14,4,0.0,0.0,1.0,2.952689933946484,1.5466046032625311,-4.031369763060712,4.393729760167783,4.442864959144473,10.712415766081783,3.7217781419786555
2018-03-15 18:00:00,3,11,15,5,1.0,0.0,0.0,2.9921843203383056,1.1061670130722192,-3.9765615265657175,4.392967605044689,4.514836021923575,10.804258472752247,3.7631226849769295
2018-03-17 00:00:00,3,11,17,6,1.0,0.0,0.0,1.5681817959187485,1.7340862169992108,-4.98594268150589,4.412423475630505,4.4184007520380915,10.498746232276948,2.8546726145086767
2018-03-18 06:00:00,3,11,18,7,0.0,1.0,0.0,1.9275158153623098,2.0329175577831013,-5.332218918223725,4.431145117956568,4.165501756538429,10.611277009832943,2.6028007903831125
2018-03-19 12:00:00,3,12,19,2,0.0,0.0,1.0,2.7273134672830563,1.1264436018166981,-4.183175775928716,4.425879032879166,4.520385419170254,10.712415766081783,3.522172846952258
2018-03-20 18:00:00,3,12,20,3,1.0,0.0,0.0,2.500848347439625,0.8920663429832902,-4.199705077879927,4.429189483420017,4.541662244731709,10.804258472752247,3.5382333898300824
2018-03-22 00:00:00,3,12,22,4,1.0,0.0,0.0,2.4792378345960717,0.6887625822421212,-4.330066895743176,4.364485136597191,4.563537098732149,10.498746232276948,3.4238146715275644
2018-03-23 06:00:00,3,12,23,5,0.0,1.0,0.0,2.9152043787517687,0.4095124620655012,-3.93307641462598,4.400184732367641,4.572039888543527,10.611277009832943,3.786954746861363
2018-03-24 12:00:00,3,12,24,7,1.0,0.0,0.0,0.9234318400255214,1.910702325859148,-5.102202487621752,4.4797798505611635,4.364638839322643,10.712415766081783,2.7288218576485286
2018-03-25 18:00:00,3,12,25,1,1.0,0.0,0.0,2.180963449299713,1.632600900460528,-4.58047757339772,4.4381479947557185,4.41119397680977,10.804258472752247,3.211733713938554
2018-03-27 00:00:00,3,13,27,2,1.0,0.0,0.0,2.190731319469717,0.7766837774877374,-4.777541411928886,4.363984644046945,4.545628935446349,10.498746232276948,3.022856885783981
2018-03-28 06:00:00,3,13,28,3,0.0,0.0,1.0,2.5300990800257903,0.840956366982548,-4.436834871168879,4.39275224247995,4.537827737517786,10.611277009832943,3.304830254596926
2018-03-29 12:00:00,3,13,29,5,1.0,0.0,0.0,2.9273775912381454,0.8925102032087517,-4.129971739865254,4.404780376999566,4.528540190050454,10.712415766081783,3.6315702936181635
2018-03-30 18:00:00,3,13,30,6,1.0,0.0,0.0,0.5631808540999189,2.376725802707126,-8.294049640102028,4.4212753923057075,3.9734614136776205,10.804258472752247,1.2849074218219352
2018-04-01 00:00:00,4,13,1,4,1.0,0.0,0.0,2.9551142512855373,0.626695719808404,-3.9765615265657175,4.402470396268818,4.5511257422361835,10.498746232276948,3.7782325316259455
2018-04-03 12:00:00,4,14,3,3,1.0,0.0,0.0,2.360413652606518,1.962263791551202,-4.870873351721106,4.436892550060973,4.244132166233311,10.712415766081783,2.9829551594443724
2018-04-04 18:00:00,4,14,4,5,1.0,0.0,0.0,2.4388699829297305,2.0283894462716483,-4.757932940540505,4.422517574401546,4.321393809698801,10.804258472752247,3.06670318742457
2018-04-06 00:00:00,4,14,6,1,0.0,1.0,0.0,2.821666543444659,0.36383260002533063,-4.292795500945944,4.271651250742755,4.548584843205671,10.498746232276948,3.4534893438816106
2018-04-07 06:00:00,4,14,7,3,1.0,0.0,0.0,2.492943710362203,0.8942155242222974,-4.487387150331708,4.330065354075315,4.484462878814461,10.611277009832943,3.2605038944226656
2018-04-08 12:00:00,4,14,8,2,1.0,0.0,0.0,2.7577552905152105,1.8235541734287928,-4.409055307061807,4.370162786714036,4.240147400333864,10.712415766081783,3.3280261501171013
2018-04-09 18:00:00,4,15,9,4,0.0,1.0,0.0,2.97344405974545,0.5854691667617565,-4.262763213847066,4.276049030507952,4.530352346553584,10.804258472752247,3.476358965239042
2018-04-11 00:00:00,4,15,11,7,0.0,0.0,1.0,2.0681277817795625,0.9837624469891678,-4.817950950266758,4.328289567230166,4.446531952135217,10.498746232276948,3.0366302651863926
2018-04-12 06:00:00,4,15,12,2,1.0,0.0,0.0,2.841866969669811,0.5053104430778805,-4.317488113536313,4.368807352031754,4.549734111599055,10.611277009832943,3.433137381121949
2018-04-13 12:00:00,4,15,13,6,1.0,0.0,0.0,1.6641312534399726,1.400197266288882,-4.572380363165104,4.461318098696094,4.48843222904666,10.712415766081783,3.1221776822890273
2018-04-16 00:00:00,4,16,16,1,0.0,0.0,1.0,2.5574146323232525,0.7167823236573794,-4.55638002181866,4.356792156550895,4.5431360817344775,10.498746232276948,3.2167034670065435
2018-04-17 06:00:00,4,16,17,2,1.0,0.0,0.0,3.045787510197568,0.6515870664742329,-3.8712010109078925,4.423449448665965,4.54935880566746,10.611277009832943,3.8457140290703524
2018-04-18 12:00:00,4,16,18,4,1.0,0.0,0.0,2.7657476671582675,1.588112125719348,-4.330066895743176,4.4301777057779494,4.433522460633862,10.712415766081783,3.435102174073326
2018-04-19 18:00:00,4,16,19,5,1.0,0.0,0.0,2.6661975830793656,1.3955431258010398,-4.286716454869556,4.4266762943284625,4.484571001203469,10.804258472752247,3.481727150189474
2018-04-21 00:00:00,4,16,21,6,1.0,0.0,0.0,1.6393688137229965,1.509083364504135,-5.061928588483812,4.374906555294465,4.426884474204595,10.498746232276948,2.7557869005195426
2018-04-22 06:00:00,4,16,22,7,1.0,0.0,0.0,2.0916582791897564,1.406403314042604,-4.870873351721106,4.398492410017156,4.429251089633122,10.611277009832943,2.9238244434144045
2018-04-23 12:00:00,4,17,23,2,1.0,0.0,0.0,2.409030020464789,1.0986400660600921,-4.305065593537753,4.445377927897712,4.517070034680574,10.712415766081783,3.4256325085313977
2018-04-24 18:00:00,4,17,24,3,0.0,1.0,0.0,2.774134402061018,1.1207542255750025,-4.150914913710495,4.428673630882764,4.50904008680839,10.804258472752247,3.5835004197661218
2018-04-26 00:00:00,4,17,26,4,1.0,0.0,0.0,2.884363000677376,0.558996548627284,-4.205276122929387,4.360876412279165,4.549910262991063,10.498746232276948,3.555855075793079
2018-04-27 06:00:00,4,17,27,5,1.0,0.0,0.0,2.703986399478747,0.8108931784934037,-4.124803769706813,4.424139795280337,4.547089876744895,10.611277009832943,3.619670041326467
2018-04-28 12:00:00,4,17,28,7,1.0,0.0,0.0,0.39417944164666996,2.374277650380782,-6.060457418594948,4.455225786237154,4.059776121558715,10.712415766081783,2.0721021742930725
2018-04-29 18:00:00,4,17,29,1,1.0,0.0,0.0,2.4424339881104444,1.835271176558814,-4.797542078635548,4.3902324579595025,4.317976882957963,10.804258472752247,3.0294450574141494
2018-05-01 00:00:00,5,18,1,5,0.0,0.0,1.0,2.8622770685033117,0.7660878049616603,-4.0551238490688215,4.401162168597714,4.546377790868704,10.498746232276948,3.700892425238225
2018-05-02 06:00:00,5,18,2,1,1.0,0.0,0.0,2.932024518345934,-0.0650719967437148,-3.7942399697717626,4.42358235994788,4.585617777384603,10.611277009832943,3.919996135382481
2018-05-03 12:00:00,5,18,3,4,1.0,0.0,0.0,2.7508861662215223,0.9447162060578588,-4.074541934925921,4.442058924233453,4.53486395241861,10.712415766081783,3.66958832098231
2018-05-04 18:00:00,5,18,4,6,1.0,0.0,0.0,0.684442739929799,2.177616931030011,-6.214608098422191,4.431684477856536,4.1172388107572715,10.804258472752247,1.95525916761475
2018-05-06 00:00:00,5,18,6,2,0.0,0.0,1.0,2.9386459159414597,0.4940354544585165,-4.205276122929387,4.2672387185405904,4.548062653206621,10.498746232276948,3.544883979641181
2018-05-07 06:00:00,5,19,7,4,1.0,0.0,0.0,2.7234367738843424,1.1641659194075487,-4.3428059215206005,4.313989779272176,4.4647302221416485,10.611277009832943,3.3973594707392305
2018-05-08 12:00:00,5,19,8,3,1.0,0.0,0.0,2.5335380711997373,1.7559883549167892,-4.807694450099573,4.366372453165274,4.256693685636972,10.712415766081783,3.028340628299743
2018-05-09 18:00:00,5,19,9,5,0.0,1.0,0.0,2.732113889674063,0.5662130258455487,-4.502312800548387,4.3043713526082765,4.529869964926473,10.804258472752247,3.276364554518245
2018-05-11 00:00:00,5,19,11,1,0.0,0.0,1.0,2.8810600193957865,-0.43052653870353536,-4.409055307061807,4.326363058888959,4.583106053415474,10.498746232276948,3.350856849626644
2018-05-12 06:00:00,5,19,12,3,1.0,0.0,0.0,2.3353749158170367,1.5230445262669816,-4.767689115485866,4.3974097882446275,4.400796253109887,10.611277009832943,3.055022672357289
2018-05-13 12:00:00,5,19,13,1,1.0,0.0,0.0,2.35334949754402,1.887195903688188,-4.892852258439873,4.406996647809554,4.248467860722113,10.712415766081783,2.9194270173439163
2018-05-14 18:00:00,5,20,14,2,0.0,1.0,0.0,2.953403067371787,1.0598137086263302,-4.129971739865254,4.3771386663302705,4.51129256291754,10.804258472752247,3.611582106433101
2018-05-16 00:00:00,5,20,16,3,0.0,0.0,1.0,2.7270245988006865,0.6048622656923737,-4.25686349171988,4.302223308068633,4.550794074423528,10.498746232276948,3.5045258340772536
2018-05-17 06:00:00,5,20,17,4,1.0,0.0,0.0,3.1864524904356903,0.4775273383644758,-3.8954937034769372,4.334485065684961,4.550969159469997,10.611277009832943,3.830760526358081
2018-05-18 12:00:00,5,20,18,6,1.0,0.0,0.0,2.6782494251429423,1.1642699749733143,-4.3687814079238665,4.377096794623082,4.491914698002099,10.712415766081783,3.354353239429838
2018-05-19 18:00:00,5,20,19,7,0.0,1.0,0.0,0.987184018649734,2.1822143370757416,-6.301619475411839,4.386672077874971,4.184300788697805,10.804258472752247,1.8398086181727678
2018-05-21 00:00:00,5,21,21,1,0.0,0.0,1.0,2.5488655759094927,0.624198950933674,-4.630487993972381,4.299136299967417,4.544726381156614,10.498746232276948,3.137980253609887
2018-05-22 06:00:00,5,21,22,2,1.0,0.0,0.0,2.4306117791507837,1.3700379386003678,-4.323757726549906,4.373912554380264,4.453921818153638,10.611277009832943,3.4338393440919712
2018-05-23 12:00:00,5,21,23,4,1.0,0.0,0.0,3.045866771796554,0.9076199154265241,-3.851398383611716,4.398685026653272,4.51794151266405,10.712415766081783,3.8547328182005836
2018-05-24 18:00:00,5,21,24,5,0.0,1.0,0.0,2.710308759748473,0.99796288051818,-4.305065593537753,4.3974364577833995,4.519357181572224,10.804258472752247,3.4335570044354915
2018-05-26 00:00:00,5,21,26,6,0.0,0.0,1.0,1.5357016660535865,1.5371180841874603,-5.367310238035002,4.296579942017926,4.417198698351715,10.498746232276948,2.420590326184951
2018-05-27 06:00:00,5,21,27,7,1.0,0.0,0.0,1.8974824191986301,1.9128087697671388,-5.729100282640491,4.335918339825908,4.178072777752813,10.611277009832943,2.2752395895985655
2018-05-28 12:00:00,5,22,28,2,0.0,1.0,0.0,2.622262317763124,0.9594140762562419,-4.336416123421832,4.388087397754848,4.513613951306662,10.712415766081783,3.4191218847308704
2018-05-29 18:00:00,5,22,29,3,0.0,0.0,1.0,2.673889995288776,1.0989733345942958,-4.1777261711611535,4.370996231168851,4.50020403700195,10.804258472752247,3.5573341830816023
2018-05-31 00:00:00,5,22,31,4,1.0,0.0,0.0,2.5650839637863143,1.2909987645425633,-4.639071737663779,4.289842812715985,4.464058708399787,10.498746232276948,3.1663150609136848
2018-06-01 06:00:00,6,22,1,6,1.0,0.0,0.0,2.2096653870623513,2.1496669865693327,-4.892852258439873,4.478009883371057,4.16719221669952,10.611277009832943,2.987267380558196
2018-06-02 12:00:00,6,22,2,2,0.0,1.0,0.0,2.8749995794291583,0.5062150112083075,-3.8792331826051583,4.473790761931651,4.580591421083493,10.712415766081783,3.836762317871178
2018-06-03 18:00:00,6,22,3,5,0.0,0.0,1.0,2.6909323000345955,0.881768297835732,-4.003590198953637,4.405422675370758,4.5382662026828715,10.804258472752247,3.725478544713306
2018-06-06 06:00:00,6,23,6,3,1.0,0.0,0.0,3.0279009357547255,1.1498333582252878,-4.104394898075602,4.330009394089982,4.467121941060982,10.611277009832943,3.6343880688247463
2018-06-07 12:00:00,6,23,7,1,1.0,0.0,0.0,3.0244938325152058,0.7608447690855554,-3.8954937034769372,4.380901001386372,4.529299250470873,10.712415766081783,3.820989003064314
2018-06-08 18:00:00,6,23,8,4,0.0,0.0,1.0,2.956480226576477,0.6225458733763984,-4.268697949366879,4.286498410266227,4.529685754127695,10.804258472752247,3.467939202917042
2018-06-10 00:00:00,6,23,10,6,1.0,0.0,0.0,2.7489948547661913,-0.1600709478591349,-4.472681002942019,4.203537723900103,4.572848420275945,10.498746232276948,3.285356209368113
2018-06-11 06:00:00,6,24,11,2,1.0,0.0,0.0,2.917680637935833,0.2998576483819145,-4.323757726549906,4.385359615782983,4.551988267166378,10.611277009832943,3.45498035201065
2018-06-12 12:00:00,6,24,12,3,0.0,1.0,0.0,2.3747274441036614,1.7126861989056528,-4.588640884036887,4.412142522814581,4.3946302082401,10.712415766081783,3.2241419345407007
2018-06-13 18:00:00,6,24,13,4,0.0,0.0,1.0,2.526901289824007,1.5109978396208479,-4.509860006183766,4.384368681606285,4.397214873867844,10.804258472752247,3.2458487623696266
2018-06-15 00:00:00,6,24,15,5,1.0,0.0,0.0,2.6864292549992466,0.4123855509527382,-4.4654082436129325,4.247853369426529,4.553307431243151,10.498746232276948,3.30672185343927
2018-06-16 06:00:00,6,24,16,6,1.0,0.0,0.0,1.0180046066117838,2.089309360878186,-6.684611727667927,4.376581629167143,4.1976066276725685,10.611277009832943,1.8100358779787677
2018-06-17 12:00:00,6,24,17,1,0.0,1.0,0.0,2.291094326278548,1.8738385635965118,-4.630487993972381,4.437606198619361,4.243903764951597,10.712415766081783,3.178574528094675
2018-06-18 18:00:00,6,25,18,2,0.0,0.0,1.0,2.351549845096721,1.1013031096045565,-4.540631664850526,4.37232766805941,4.504281139874675,10.804258472752247,3.2263610736970825
2018-06-20 00:00:00,6,25,20,3,1.0,0.0,0.0,2.788246743096487,0.6526289593403533,-4.395449655006025,4.257267368484007,4.541033361937219,10.498746232276948,3.371330782055862
2018-06-21 06:00:00,6,25,21,4,1.0,0.0,0.0,2.724158649479655,0.555081715020528,-4.458187995639449,4.3081288968296345,4.544681232051687,10.611277009832943,3.2826453003659655
2018-06-22 12:00:00,6,25,22,6,0.0,1.0,0.0,2.3403945543895923,1.2374559351424843,-4.605170185988091,4.397671324159358,4.492342042056017,10.712415766081783,3.1598262120736247
2018-06-23 18:00:00,6,25,23,7,0.0,0.0,1.0,0.7330887876528931,2.1437651959851824,-6.173786103901953,4.432931624514312,4.193620353433764,10.804258472752247,2.022209595724703
2018-06-25 00:00:00,6,26,25,1,1.0,0.0,0.0,2.563351928404697,0.7754181729927395,-4.4654082436129325,4.311132403175634,4.537751966942139,10.498746232276948,3.288401887516811
2018-06-26 06:00:00,6,26,26,2,1.0,0.0,0.0,2.6172559203703876,0.6987978520687597,-4.415928186349566,4.359001069287864,4.542619909204325,10.611277009832943,3.3024783427384103
2018-06-27 12:00:00,6,26,27,4,0.0,1.0,0.0,2.530848847002827,1.5201329982066658,-4.494822128819232,4.392772853344762,4.433520481866041,10.712415766081783,3.261651110472739
2018-06-28 18:00:00,6,26,28,5,0.0,0.0,1.0,2.3345197115243916,0.9701474046648659,-4.605170185988091,4.385083416286278,4.512481816234155,10.804258472752247,3.161105459117988
2018-06-30 00:00:00,6,26,30,6,1.0,0.0,0.0,1.7845809876931271,1.3724278302893447,-5.367310238035002,4.345970824593752,4.420940810464771,10.498746232276948,2.5527859385087894
2018-07-01 06:00:00,7,26,1,7,0.0,1.0,0.0,2.012789677894858,2.0656595042060504,-5.332218918223725,4.456698212852838,4.181016529767009,10.611277009832943,2.630953150717243
2018-07-02 12:00:00,7,27,2,3,0.0,0.0,1.0,2.7942635745865365,0.7175145370082394,-3.867208989638357,4.4752294819756075,4.562301828260811,10.712415766081783,3.837259946957357
2018-07-03 18:00:00,7,27,3,6,1.0,0.0,0.0,1.8540819951943126,2.076311648670908,-4.701314046540998,4.4270995810816745,4.291723482094563,10.804258472752247,3.134297848392903
2018-07-05 00:00:00,7,27,5,1,1.0,0.0,0.0,2.9488415542963646,0.5509593815056364,-4.026685913748288,4.299387503653058,4.548531930959736,10.498746232276948,3.718114579382271
2018-07-06 06:00:00,7,27,6,4,0.0,1.0,0.0,2.907342674525265,0.6337509706032889,-4.205276122929387,4.31780806234723,4.542519659244719,10.611277009832943,3.515584534372619
2018-07-07 12:00:00,7,27,7,2,0.0,0.0,1.0,2.7627172424444537,1.5577761291102086,-4.166915255056936,4.402539793796252,4.4002737226805415,10.712415766081783,3.580709439953068
2018-07-08 18:00:00,7,27,8,5,1.0,0.0,0.0,2.949413428159199,0.4822203667556563,-4.045554398052668,4.333848002230802,4.540285827277822,10.804258472752247,3.7124840766837695
2018-07-11 06:00:00,7,28,11,3,1.0,0.0,0.0,2.6932185314316306,0.21799699716133059,-4.402229341991401,4.388100857506308,4.5524267177996,10.611277009832943,3.371070306873237
2018-07-12 12:00:00,7,28,12,5,0.0,0.0,1.0,2.4646259915865847,0.8857627935051967,-4.330066895743176,4.3975944089316945,4.537288304266256,10.712415766081783,3.4169094098454122
2018-07-13 18:00:00,7,28,13,6,1.0,0.0,0.0,2.055479651630041,1.3937870539912844,-4.701314046540998,4.4041488735114225,4.397725674019677,10.804258472752247,3.021408142426829
2018-07-15 00:00:00,7,28,15,7,1.0,0.0,0.0,2.554685323562559,1.192153227520594,-4.355709326356511,4.443886767442035,4.387306422034156,10.498746232276948,3.4014029160940624
2018-07-16 06:00:00,7,29,16,1,0.0,1.0,0.0,3.049671855099716,0.6683847738673554,-4.2336066295556085,4.379759483293942,4.48693548584666,10.611277009832943,3.5152277056837713
2018-07-17 12:00:00,7,29,17,3,0.0,0.0,1.0,2.8777085839427676,0.7534580276640475,-4.124803769706813,4.464007846848279,4.461673110011599,10.712415766081783,3.611732895770555
2018-07-18 18:00:00,7,29,18,4,1.0,0.0,0.0,2.755993445890086,1.4296730844218357,-4.292795500945944,4.473774606128891,4.353119057839034,10.804258472752247,3.473918479852205
2018-07-20 00:00:00,7,29,20,5,1.0,0.0,0.0,2.725879204523519,0.9132193533496687,-4.509860006183766,4.4098221518500536,4.4175204596759645,10.498746232276948,3.2579298574643833
2018-07-21 06:00:00,7,29,21,6,0.0,0.0,1.0,1.854382093707163,1.6187940073581253,-5.367310238035002,4.426870530495349,4.259151358666352,10.611277009832943,2.528238824501523
2018-07-22 12:00:00,7,29,22,1,1.0,0.0,0.0,2.4894933370594763,1.782494459044578,-4.849367146500137,4.466690379658456,4.174452652373541,10.712415766081783,2.952098169033927
2018-07-23 18:00:00,7,30,23,2,1.0,0.0,0.0,2.8887686217079076,1.0008769483155042,-4.104394898075602,4.439401865285153,4.447074791550095,10.804258472752247,3.605262310192322
2018-07-25 00:00:00,7,30,25,3,1.0,0.0,0.0,2.532988891481764,0.7168230162452299,-4.480007043034088,4.317833609401296,4.539460312418377,10.498746232276948,3.290945292110473
2018-07-26 06:00:00,7,30,26,4,0.0,1.0,0.0,2.6115943652845806,0.5583769256242129,-4.362224007377702,4.326872827912979,4.546206319770003,10.611277009832943,3.374465468889713
2018-07-27 12:00:00,7,30,27,6,0.0,0.0,1.0,2.4008983348479256,1.058426665694597,-4.487387150331708,4.3891470575211216,4.499357716362603,10.712415766081783,3.270921003186838
2018-07-28 18:00:00,7,30,28,7,1.0,0.0,0.0,1.2001906610304756,1.755311574923644,-5.480638923342007,4.3963393424500845,4.269592549093191,10.804258472752247,2.344358634649696
2018-07-30 00:00:00,7,31,30,1,1.0,0.0,0.0,2.657686299256986,0.5442120427836241,-4.509860006183766,4.266474312250667,4.545467951141971,10.498746232276948,3.2656671673270052
2018-07-31 06:00:00,7,31,31,2,0.0,0.0,1.0,2.707777941820793,1.373272442768027,-4.298911727963377,4.38847765701306,4.427765521443407,10.611277009832943,3.466800440145397
2018-08-01 12:00:00,8,31,1,4,1.0,0.0,0.0,3.1922922588851788,1.012842564750586,-3.685551664021263,4.451859708647403,4.533536330170051,10.712415766081783,4.029694923800122
2018-08-02 18:00:00,8,31,2,4,1.0,0.0,0.0,2.7656270459062298,0.7431667474342424,-3.9765615265657175,4.486550863241119,4.552831608640502,10.804258472752247,3.7339862557230363
2018-08-04 00:00:00,8,31,4,7,1.0,0.0,0.0,1.824159431118911,1.8105267023007858,-4.973821320973549,4.359930128447963,4.3989974375098875,10.498746232276948,2.8846843187361197
2018-08-05 06:00:00,8,31,5,2,0.0,1.0,0.0,2.9856440581951915,0.7032625143010383,-4.188655241693346,4.316869033056641,4.545391872618282,10.611277009832943,3.5521883128325418
2018-08-06 12:00:00,8,32,6,7,0.0,0.0,1.0,2.5715493245560594,1.1163157643953885,-4.292795500945944,4.414742866079413,4.4840575508623965,10.712415766081783,3.4744426802326984
2018-08-07 18:00:00,8,32,7,3,1.0,0.0,0.0,2.779419505892676,1.4409206366165428,-4.3687814079238665,4.349433493896598,4.418436911864528,10.804258472752247,3.416529245659137
2018-08-09 00:00:00,8,32,9,6,0.0,1.0,0.0,1.9044927392152944,1.0130846588658553,-5.349610660935587,4.256080685406947,4.44285221668862,10.498746232276948,2.491399414984629
2018-08-10 06:00:00,8,32,10,1,0.0,0.0,1.0,3.1769977173012816,0.02061928720273561,-4.022023900642478,4.287380505172676,4.559928717742403,10.611277009832943,3.716624314422495
2018-08-11 12:00:00,8,32,11,6,1.0,0.0,0.0,2.565711887174666,0.8499016105429664,-4.3687814079238665,4.452857815434473,4.524458921546941,10.712415766081783,3.4102314512920264
2018-08-12 18:00:00,8,32,12,1,0.0,1.0,0.0,2.977733767851315,1.3126478209515922,-4.109458200032153,4.344653546942386,4.448351645026395,10.804258472752247,3.6325427613922256
2018-08-14 00:00:00,8,33,14,2,0.0,0.0,1.0,2.8651346684014385,0.2199384203652614,-4.239370334272363,4.243888217418302,4.562558396295146,10.498746232276948,3.5370507292393825
2018-08-15 06:00:00,8,33,15,3,1.0,0.0,0.0,2.8581067973088894,1.1328258287073967,-4.22217793373199,4.321830892229706,4.4438632668070275,10.611277009832943,3.5032549485854245
2018-08-16 12:00:00,8,33,16,5,1.0,0.0,0.0,2.9738231792130896,0.5421789314239864,-4.2336066295556085,4.322330813159707,4.5283413361143126,10.712415766081783,3.487693579673585
2018-08-17 18:00:00,8,33,17,6,0.0,0.0,1.0,2.62739434252711,1.244826798334202,-4.58047757339772,4.370248165042854,4.408806498333698,10.804258472752247,3.2183023271164646
2018-08-20 06:00:00,8,34,20,1,1.0,0.0,0.0,3.1414402711687908,0.23698070810223135,-4.156219965940193,4.280121946315825,4.554997316321855,10.611277009832943,3.5726920198083953
2018-08-21 12:00:00,8,34,21,3,1.0,0.0,0.0,2.826736532367951,0.5602346440235333,-4.292795500945944,4.362584692323066,4.527269903903247,10.712415766081783,3.411307215745602
2018-08-22 18:00:00,8,34,22,4,1.0,0.0,0.0,2.5337695626339345,0.996887132385363,-4.665274110057804,4.340225428243204,4.463017930756678,10.804258472752247,3.1291553269767007
2018-08-24 00:00:00,8,34,24,5,1.0,0.0,0.0,2.6444238563977813,0.04441553003038551,-4.647729800406891,4.2274637171105445,4.555612227139747,10.498746232276948,3.111045595309447
2018-08-26 12:00:00,8,34,26,1,1.0,0.0,0.0,2.3944195424701498,1.592105232305488,-4.926753810115554,4.387099164281456,4.3331985010336185,10.712415766081783,2.925376867094855
2018-08-27 18:00:00,8,35,27,2,0.0,0.0,1.0,2.442962787783755,1.0958027901650675,-4.767689115485866,4.355477299440345,4.439617246769374,10.804258472752247,3.026301891609895
2018-08-29 00:00:00,8,35,29,3,1.0,0.0,0.0,2.5856816681041983,0.19350874618451905,-4.719833094308239,4.238642096949693,4.554779116052576,10.498746232276948,3.0337824300782277
2018-08-30 06:00:00,8,35,30,4,1.0,0.0,0.0,2.8751547118443876,0.17528295496270996,-4.388715622824684,4.280620097286624,4.554673942292281,10.611277009832943,3.354466761841176
2018-08-31 12:00:00,8,35,31,2,1.0,0.0,0.0,3.000035501373826,0.7596369218287783,-3.851398383611716,4.4579396731433,4.534863058387653,10.712415766081783,3.856059171910571
2018-09-01 18:00:00,9,35,1,5,1.0,0.0,0.0,3.0673239873451794,0.6954362253634169,-3.7227810057896202,4.470519119143226,4.551821271488541,10.804258472752247,3.9835262787734442
2018-09-03 00:00:00,9,36,3,5,1.0,0.0,0.0,2.0608744008558344,1.5053728536059132,-4.904025559038007,4.425443260225928,4.457889464972489,10.498746232276948,2.9707391991628262
2018-09-04 06:00:00,9,36,4,1,1.0,0.0,0.0,3.0303550928314253,0.07363762346187828,-4.05032767680533,4.373620569162305,4.580791253361682,10.611277009832943,3.6895292429554334
2018-09-05 12:00:00,9,36,5,6,1.0,0.0,0.0,2.1427781689572605,1.897794757175845,-4.973821320973549,4.389559648479238,4.2588132563595,10.712415766081783,2.834594742427166
2018-09-06 18:00:00,9,36,6,1,0.0,1.0,0.0,2.383235308405075,1.3851270133678837,-4.692181562977728,4.396274647939083,4.420474813922751,10.804258472752247,3.109020035404593
2018-09-08 00:00:00,9,36,8,4,1.0,0.0,0.0,2.817880711431488,0.3201492625892824,-4.409055307061807,4.2322726985985035,4.556635364216015,10.498746232276948,3.375947947408705
2018-09-09 06:00:00,9,36,9,7,1.0,0.0,0.0,1.9823913071913974,1.305784530472515,-5.3853287435376735,4.327275614851841,4.397850770020767,10.611277009832943,2.547946652874688
2018-09-10 12:00:00,9,37,10,5,1.0,0.0,0.0,2.962563212162477,1.227616086073412,-4.227875954846626,4.367149855443451,4.444018948224415,10.712415766081783,3.51263936763585
2018-09-11 18:00:00,9,37,11,7,1.0,0.0,0.0,1.3207775838680202,2.0536107816453146,-5.991464547107982,4.49089318450474,4.15314660912477,10.804258472752247,2.199564430336449
2018-09-13 00:00:00,9,37,13,4,1.0,0.0,0.0,2.8742659002303843,0.008133499896722398,-4.458187995639449,4.240980169736079,4.560653004610828,10.498746232276948,3.311731479637552
2018-09-14 06:00:00,9,37,14,5,1.0,0.0,0.0,2.7352761873558014,0.5230999846413787,-4.502312800548387,4.289023479141411,4.520222133425281,10.611277009832943,3.216853781916562
2018-09-15 12:00:00,9,37,15,7,1.0,0.0,0.0,1.2702987894974127,1.8915796656213675,-5.991464547107982,4.387249430434185,4.115308007882595,10.712415766081783,2.0236865543407605
2018-09-16 18:00:00,9,37,16,1,1.0,0.0,0.0,2.8360573352922636,1.0078666753613645,-4.429817298510236,4.298203352124443,4.442986494409452,10.804258472752247,3.338349282807277
2018-09-18 00:00:00,9,38,18,2,1.0,0.0,0.0,2.6710000195289187,-0.2572606434584484,-4.656463480375642,4.201649436389207,4.572443805597032,10.498746232276948,3.119265412302056
2018-09-19 06:00:00,9,38,19,3,1.0,0.0,0.0,2.4162857329268737,0.980422920469839,-4.729222834658074,4.313679759843295,4.471827347014783,10.611277009832943,3.019692910998834
2018-09-20 12:00:00,9,38,20,5,1.0,0.0,0.0,2.460258133447597,1.264032560753599,-4.674163057475046,4.364954650775234,4.45362125755739,10.712415766081783,3.114659099277494
2018-09-26 18:00:00,9,39,26,4,0.0,1.0,0.0,2.6487070495186193,1.005796218207882,-4.588640884036887,4.303214506332476,4.437161706641233,10.804258472752247,3.1765979098988235
2018-09-28 00:00:00,9,39,28,5,0.0,0.0,1.0,2.5441774143767155,0.17093755984360862,-4.78749174278205,4.215636250167577,4.551930261302496,10.498746232276948,2.9761968605528915
2018-09-29 06:00:00,9,39,29,6,1.0,0.0,0.0,1.8783830395489167,1.4962318862708235,-5.332218918223725,4.3299281916797625,4.331268284897244,10.611277009832943,2.544072692054402
2018-09-30 12:00:00,9,39,30,3,1.0,0.0,0.0,2.6733149686779516,1.6162480043626495,-4.156219965940193,4.468397355098023,4.273839210405749,10.712415766081783,3.584398181438318
2018-10-01 18:00:00,10,40,1,6,1.0,0.0,0.0,1.3386785071782272,2.5793515563614924,-6.257167712841023,4.502388749053112,4.011441401610325,10.804258472752247,2.176530441653394
2018-10-03 00:00:00,10,40,3,6,1.0,0.0,0.0,0.6829705741083848,2.006926850861088,-6.173786103901953,4.434984688413636,4.3750250976847855,10.498746232276948,2.144673181929848
2018-10-04 06:00:00,10,40,4,2,1.0,0.0,0.0,2.817701498177193,0.7682160004753836,-4.286716454869556,4.3941497271324375,4.540308056939573,10.611277009832943,3.457748357962852
2018-10-05 12:00:00,10,40,5,7,1.0,0.0,0.0,2.245220775604475,1.848572916166356,-4.961845129926823,4.389970002428193,4.2668636013120596,10.712415766081783,2.8772302294729903
2018-10-06 18:00:00,10,40,6,2,0.0,1.0,0.0,2.672981301674522,1.3917378517383292,-4.382026634673881,4.37293753701958,4.415857246333379,10.804258472752247,3.3664477693352484
2018-10-08 00:00:00,10,41,8,5,0.0,0.0,1.0,2.8812048700713477,0.2593468962744227,-4.205276122929387,4.242436448381135,4.553897066835616,10.498746232276948,3.5354854323931617
2018-10-09 06:00:00,10,41,9,1,1.0,0.0,0.0,2.9613004088734285,0.9866559945347185,-4.124803769706813,4.305588706690207,4.474742543173623,10.611277009832943,3.5815447688427606
2018-10-10 12:00:00,10,41,10,6,0.0,1.0,0.0,2.8585179166588013,0.6784564651499414,-4.109458200032153,4.3654885479618635,4.52247674600356,10.712415766081783,3.6284878780568954
2018-10-11 18:00:00,10,41,11,1,0.0,0.0,1.0,2.2619106570309357,1.7470526236212591,-4.748271029628772,4.472233854374879,4.3490438418444874,10.804258472752247,3.0624403145804426
2018-10-13 00:00:00,10,41,13,6,1.0,0.0,0.0,2.1716028295296743,1.266384064447333,-5.1441666867207845,4.264047486038605,4.431005273144408,10.498746232276948,2.7116603433563395
2018-10-14 06:00:00,10,41,14,7,0.0,1.0,0.0,2.143882401798725,1.6607962047092424,-5.173154223594042,4.334435907142645,4.208841959160802,10.611277009832943,2.7133748886476536
2018-10-15 12:00:00,10,42,15,2,0.0,0.0,1.0,3.258247167701903,0.5430023554612117,-3.899600485429589,4.314141408449934,4.537391755340678,10.712415766081783,3.8118342781727135
2018-10-16 18:00:00,10,42,16,3,1.0,0.0,0.0,2.980648246134654,0.6712423451718954,-4.323757726549906,4.296430165321085,4.525091088763574,10.804258472752247,3.4566215765639634
2018-10-18 00:00:00,10,42,18,4,1.0,0.0,0.0,2.8566330282133054,-0.15208337373334452,-4.517464605568992,4.2229991519954995,4.573609857027664,10.498746232276948,3.271812934118163
2018-10-19 06:00:00,10,42,19,5,0.0,1.0,0.0,3.1902362666590363,-0.5729965794294837,-4.069651949631731,4.312495672013267,4.5818239374760426,10.611277009832943,3.6691209508442775
2018-10-20 12:00:00,10,42,20,7,1.0,0.0,0.0,1.953346714843159,1.8477590328480433,-5.187969309379177,4.392584248090361,4.220898893886929,10.712415766081783,2.7079335276294585
2018-10-21 18:00:00,10,42,21,1,1.0,0.0,0.0,2.716415117433838,1.0336588666562583,-4.509860006183766,4.321065042026653,4.443028636254008,10.804258472752247,3.278163082223071
2018-10-23 00:00:00,10,43,23,2,1.0,0.0,0.0,3.037821464841174,-0.8651224452997557,-4.31125756378568,4.23247594891043,4.5872522814855685,10.498746232276948,3.4555856040376423
2018-10-24 06:00:00,10,43,24,3,0.0,0.0,1.0,2.8899920561889645,1.024666696492439,-4.402229341991401,4.289397233369785,4.477276206580979,10.611277009832943,3.353272676208598
2018-10-25 12:00:00,10,43,25,5,1.0,0.0,0.0,2.9830437806877863,0.5969574473952776,-4.129971739865254,4.361916397570656,4.533267728615561,10.712415766081783,3.598448601010415
2018-10-26 18:00:00,10,43,26,6,1.0,0.0,0.0,2.364871079078323,1.3744747843145484,-4.915325114291935,4.324760494443419,4.408672622736383,10.804258472752247,2.9501245400758584
2018-10-29 06:00:00,10,44,29,1,0.0,0.0,1.0,2.9899950135742808,0.17248163651198178,-4.031369763060712,4.332013222641755,4.5611895624138485,10.611277009832943,3.707658273183559
2018-10-30 12:00:00,10,44,30,3,1.0,0.0,0.0,3.0620621579918206,0.6571745201011275,-4.040803795294073,4.374527754890988,4.530397249204644,10.712415766081783,3.6992669831114395
2018-10-31 18:00:00,10,44,31,4,1.0,0.0,0.0,3.1481171094819307,0.893874692589823,-3.7614501469487718,4.431731063315835,4.533719833079982,10.804258472752247,3.980544210142256
2018-11-03 06:00:00,11,44,3,7,1.0,0.0,0.0,2.1156529236424078,0.4318906356778485,-4.738701578612614,4.407013919291341,4.599227563532413,10.611277009832943,3.1408494164298078
2018-11-04 12:00:00,11,44,4,5,1.0,0.0,0.0,2.8635618591402374,1.0682389881462133,-4.119662370206391,4.409770481818914,4.5175850080425395,10.712415766081783,3.5970930584832277
2018-11-05 18:00:00,11,45,5,1,1.0,0.0,0.0,2.8560199132829527,1.019719382682155,-4.216512196196308,4.350182232855136,4.506229758133073,10.804258472752247,3.5365777583061497
2018-11-07 00:00:00,11,45,7,3,0.0,0.0,1.0,2.322575611134367,0.704746316403297,-4.701314046540998,4.292876608767722,4.538504069791115,10.498746232276948,3.0633325091068513
2018-11-08 06:00:00,11,45,8,6,1.0,0.0,0.0,2.9184056656064574,1.1441166371725704,-4.135166556742356,4.316705585218652,4.434363082704101,10.611277009832943,3.6101766469837155
2018-11-09 12:00:00,11,45,9,4,1.0,0.0,0.0,3.1617338814808487,0.5180991077324891,-3.972126929497853,4.330851754327743,4.542043112733592,10.712415766081783,3.7412168906952505
2018-11-10 18:00:00,11,45,10,7,1.0,0.0,0.0,1.8136160858610069,1.8684375485235578,-5.500841630659519,4.387043197322676,4.151226240243361,10.804258472752247,2.4710260360372205
2018-11-12 00:00:00,11,46,12,2,0.0,1.0,0.0,2.6759860408483642,0.4208462101464667,-4.509860006183766,4.377826158345765,4.557220418586351,10.498746232276948,3.322938498693544
2018-11-13 06:00:00,11,46,13,2,0.0,0.0,1.0,3.2332421334973476,-3.6337601548928595,-3.812932102783917,4.364343073071232,4.605163519299203,10.611277009832943,3.9143785622578475
2018-11-14 12:00:00,11,46,14,4,1.0,0.0,0.0,2.976345559753801,1.2501643569318448,-4.06478575998056,4.413104307119703,4.460018201734488,10.712415766081783,3.6983820775003453
2018-11-15 18:00:00,11,46,15,5,1.0,0.0,0.0,2.9062542204550805,0.5132227483657119,-4.227875954846626,4.322493344222018,4.538222543023277,10.804258472752247,3.500315956879472
2018-11-17 00:00:00,11,46,17,6,0.0,1.0,0.0,2.69198856755486,1.1672828860081044,-4.409055307061807,4.282155653541972,4.4501553829138585,10.498746232276948,3.3679163270934933
2018-11-18 06:00:00,11,46,18,7,0.0,0.0,1.0,2.15697147960547,1.1784242004795609,-4.748271029628772,4.371644804488265,4.4367318103027324,10.611277009832943,2.9796960444668183
2018-11-19 12:00:00,11,47,19,2,1.0,0.0,0.0,2.5951614190235923,0.9168572380458947,-4.292795500945944,4.480134034970268,4.5277382339908465,10.712415766081783,3.454414241477592
2018-11-20 18:00:00,11,47,20,3,1.0,0.0,0.0,2.668962812394163,1.4135446756100511,-4.156219965940193,4.498231573939057,4.458805367526198,10.804258472752247,3.610625076979253
2018-11-22 00:00:00,11,47,22,4,1.0,0.0,0.0,2.8559192882094955,0.44468582126144574,-4.1615533119155526,4.445429745852449,4.557327947395215,10.498746232276948,3.5934669774107952
2018-11-23 06:00:00,11,47,23,5,1.0,0.0,0.0,2.779155654330929,1.114430955664441,-4.317488113536313,4.458503376457243,4.474820393369,10.611277009832943,3.4474313715470983
2018-11-25 18:00:00,11,47,25,1,1.0,0.0,0.0,2.699396196321876,1.3091658059540705,-4.3687814079238665,4.454012938036447,4.434384830602464,10.804258472752247,3.3944776324118426
2018-11-27 00:00:00,11,48,27,2,0.0,0.0,1.0,2.9119610959893123,0.06789226604291837,-4.036075654098129,4.463328165082128,4.579782290077615,10.498746232276948,3.6895313249333124
2018-11-28 06:00:00,11,48,28,3,1.0,0.0,0.0,2.8546582207383002,0.46916994849715826,-4.084394231368934,4.432883114922026,4.553774254754613,10.611277009832943,3.667774979782515
2018-11-29 12:00:00,11,48,29,5,1.0,0.0,0.0,2.5923213042573874,0.8556202756740076,-4.286716454869556,4.447323657139076,4.53121412537215,10.712415766081783,3.4619710119841147
2018-11-30 18:00:00,11,48,30,5,1.0,0.0,0.0,3.0315015244375947,1.0674369026811146,-3.83970234384852,4.451892735895858,4.52467390324271,10.804258472752247,3.8849549487030304
2018-12-02 00:00:00,12,48,2,1,1.0,0.0,0.0,2.598904753841412,0.6460555730260947,-4.194164897504314,4.405411481942725,4.581671235699329,10.498746232276948,3.5205199723360363
2018-12-03 06:00:00,12,49,3,1,1.0,0.0,0.0,2.6980559803970077,0.13918206413333714,-4.104394898075602,4.386885643878563,4.575722494240214,10.611277009832943,3.628193502291855
2018-12-04 12:00:00,12,49,4,6,1.0,0.0,0.0,1.9741851872637057,1.9275158153623098,-4.817950950266758,4.430830687635753,4.40752786333557,10.712415766081783,2.972455117066148
