timestamp,month,week,day,day_of_week,load_type,lagging_current_reactive_power_kvarh,leading_current_reactive_power_kvarh,co2_tco2,lagging_current_power_factor,leading_current_power_factor,nsm,usage_kwh
2018-01-01 00:00:00,1,1,1,Monday,Light_Load,4.505333333333334,7.908,0.0020833333333333,83.67241666666668,65.66091666666667,36270.0,8.13675
2018-01-02 06:00:00,1,1,2,Thursday,Light_Load,23.676166666666667,1.0355833333333333,0.0233333333333333,82.40708333333333,98.29375,40590.0,52.97116666666667
2018-01-03 12:00:00,1,1,3,Sunday,Light_Load,2.023416666666667,9.915833333333332,0.0029166666666666,86.37133333333333,62.568333333333335,44910.0,8.528166666666667
2018-01-04 18:00:00,1,1,4,Tuesday,Light_Load,1.78125,9.737166666666669,0.0,82.11833333333334,53.164750000000005,49230.0,3.109166666666667
2018-01-06 00:00:00,1,1,6,Friday,Light_Load,10.054916666666664,3.7636666666666665,0.0071666666666666,72.46758333333334,87.047,36270.0,17.667166666666667
2018-01-07 06:00:00,1,1,7,Sunday,Light_Load,1.9411666666666667,8.969416666666666,0.0,79.63008333333333,56.14275,40590.0,2.9195
2018-01-08 12:00:00,1,2,8,Saturday,Light_Load,4.221583333333333,6.002416666666666,0.004,81.94983333333333,71.512,44910.0,11.701583333333334
2018-01-09 18:00:00,1,2,9,Monday,Medium_Load,11.358416666666669,2.933583333333333,0.0078333333333333,74.76558333333334,85.58991666666667,49230.0,19.33425
2018-01-11 00:00:00,1,2,11,Thursday,Light_Load,13.786833333333334,2.857833333333333,0.0100833333333333,78.64349999999999,88.09008333333333,36270.0,24.64933333333333
2018-01-12 06:00:00,1,2,12,Saturday,Light_Load,5.8140833333333335,6.6025,0.0063333333333333,89.41875,76.92866666666667,40590.0,17.87925
2018-01-13 12:00:00,1,2,13,Sunday,Medium_Load,6.221416666666667,8.971499999999999,0.0080833333333333,89.24058333333333,74.56541666666666,44910.0,20.903
2018-01-14 18:00:00,1,2,14,Monday,Light_Load,17.294083333333333,5.535916666666666,0.0145,85.67375,83.25275,49230.0,34.04
2018-01-16 00:00:00,1,3,16,Tuesday,Light_Load,18.92475,1.8860833333333331,0.0150833333333333,78.83791666666666,94.98016666666668,36270.0,35.24691666666667
2018-01-17 06:00:00,1,3,17,Wednesday,Light_Load,24.85391666666667,1.1603333333333334,0.0241666666666666,87.56291666666667,97.97433333333332,40590.0,50.94558333333334
2018-01-18 12:00:00,1,3,18,Friday,Medium_Load,35.17325,1.7738333333333332,0.0375,91.023,95.8265,44910.0,81.89141666666666
2018-01-19 18:00:00,1,3,19,Saturday,Light_Load,21.742166666666662,1.8568333333333331,0.0266666666666666,92.68833333333332,97.25433333333334,49230.0,57.461666666666666
2018-01-21 00:00:00,1,3,21,Sunday,Light_Load,7.00875,10.336416666666668,0.00375,86.29408333333335,65.46383333333333,36270.0,11.034
2018-01-22 06:00:00,1,4,22,Monday,Light_Load,27.609,1.0914166666666667,0.024,86.35975,97.81816666666668,40590.0,51.29475
2018-01-23 12:00:00,1,4,23,Wednesday,Medium_Load,28.49425,1.81375,0.0266666666666666,88.81183333333334,96.29091666666666,44910.0,58.067083333333336
2018-01-24 18:00:00,1,4,24,Thursday,Light_Load,21.69183333333333,1.9194166666666668,0.0233333333333333,89.85725000000001,97.54466666666669,49230.0,48.61383333333333
2018-01-26 00:00:00,1,4,26,Friday,Light_Load,27.94575,0.8524999999999999,0.0293333333333333,87.11283333333334,98.19325,36270.0,63.17583333333334
2018-01-27 06:00:00,1,4,27,Saturday,Light_Load,3.333666666666667,7.165,0.00475,86.08983333333335,81.85833333333333,40590.0,13.793583333333334
2018-01-28 12:00:00,1,4,28,Monday,Medium_Load,11.586583333333332,6.185416666666667,0.0135833333333333,88.80691666666667,83.08766666666666,44910.0,33.88975
2018-01-29 18:00:00,1,5,29,Tuesday,Light_Load,25.0675,0.9239166666666666,0.0276666666666666,88.23691666666667,98.05725,49230.0,61.69983333333333
2018-01-31 00:00:00,1,5,31,Wednesday,Light_Load,20.05708333333333,0.9155,0.0231666666666666,84.07483333333333,98.14483333333332,36270.0,51.8875
2018-02-01 06:00:00,2,5,1,Tuesday,Light_Load,18.499333333333333,2.4526666666666666,0.0051666666666666,86.95808333333333,93.7105,40590.0,44.67816666666667
2018-02-02 12:00:00,2,5,2,Friday,Maximum_Load,9.67025,3.1964166666666665,0.0168333333333333,90.77166666666668,94.68825,44910.0,37.656
2018-02-03 18:00:00,2,5,3,Monday,Medium_Load,12.306333333333331,2.7543333333333333,0.0136666666666666,81.22883333333333,93.1115,49230.0,31.354166666666668
2018-02-05 00:00:00,2,6,5,Wednesday,Light_Load,18.21241666666667,2.112833333333333,0.0164166666666666,73.36066666666667,93.89925,36270.0,37.85725
2018-02-06 06:00:00,2,6,6,Saturday,Light_Load,6.891333333333334,7.282083333333333,0.00325,78.44825,66.66475,40590.0,10.277833333333332
2018-02-07 12:00:00,2,6,7,Thursday,Light_Load,8.155416666666666,6.6075,0.0065833333333333,80.45683333333334,70.042,44910.0,16.427
2018-02-08 18:00:00,2,6,8,Sunday,Light_Load,6.114833333333333,5.676083333333334,0.0040833333333333,78.49600000000001,70.05033333333334,49230.0,11.301
2018-02-10 00:00:00,2,6,10,Tuesday,Light_Load,18.449416666666664,1.065583333333333,0.0115,66.16658333333334,95.48525,36270.0,27.297
2018-02-11 06:00:00,2,6,11,Friday,Light_Load,15.3535,2.7291666666666665,0.0110833333333333,80.74675,87.65066666666667,40590.0,26.11975
2018-02-12 12:00:00,2,7,12,Tuesday,Light_Load,11.282083333333333,6.469083333333333,0.0134166666666666,90.23108333333332,72.18299999999999,44910.0,32.00091666666667
2018-02-13 18:00:00,2,7,13,Wednesday,Light_Load,5.500416666666666,8.704833333333333,0.00675,88.87458333333333,64.91475,49230.0,17.264583333333334
2018-02-15 00:00:00,2,7,15,Thursday,Light_Load,2.445,7.8045,0.0,78.85100000000001,64.82258333333333,36270.0,3.4491666666666663
2018-02-16 06:00:00,2,7,16,Friday,Light_Load,1.8499166666666669,9.46,0.0,83.53966666666666,57.8745,40590.0,3.4845
2018-02-17 12:00:00,2,7,17,Sunday,Light_Load,1.4200833333333334,11.25925,0.0,87.23416666666667,49.826,44910.0,3.53875
2018-02-18 18:00:00,2,7,18,Monday,Light_Load,15.59375,3.3521666666666667,0.0161666666666666,82.50225,86.47399999999999,49230.0,36.355
2018-02-20 00:00:00,2,8,20,Tuesday,Light_Load,20.4575,0.91225,0.0234166666666666,85.85791666666667,97.8275,36270.0,53.45066666666666
2018-02-21 06:00:00,2,8,21,Wednesday,Light_Load,23.52475,0.9233333333333332,0.0255833333333333,87.19149999999999,98.07983333333333,40590.0,58.061083333333336
2018-02-22 12:00:00,2,8,22,Friday,Medium_Load,28.37625,1.5463333333333331,0.0274166666666666,85.06908333333334,96.35166666666667,44910.0,61.31466666666667
2018-02-23 18:00:00,2,8,23,Saturday,Light_Load,13.850333333333332,1.3464166666666666,0.0233333333333333,91.7665,97.3705,49230.0,51.87525
2018-02-25 00:00:00,2,8,25,Sunday,Light_Load,3.42775,7.623833333333334,0.0009166666666666,84.58825,67.522,36270.0,6.001
2018-02-26 06:00:00,2,9,26,Monday,Light_Load,13.090333333333332,2.359,0.0143333333333333,86.98825000000001,94.45441666666667,40590.0,33.173833333333334
2018-02-27 12:00:00,2,9,27,Wednesday,Medium_Load,19.16575,2.7439166666666663,0.0196666666666666,85.87383333333334,93.13841666666669,44910.0,45.164750000000005
2018-02-28 18:00:00,2,9,28,Wednesday,Light_Load,13.528583333333334,3.173666666666666,0.0161666666666666,86.67883333333333,91.49791666666668,49230.0,37.869416666666666
2018-03-02 00:00:00,3,9,2,Saturday,Light_Load,6.635083333333333,1.415333333333333,0.01075,86.13000000000001,97.6245,36270.0,23.3315
2018-03-03 06:00:00,3,9,3,Saturday,Light_Load,8.67825,5.003916666666667,0.0105,83.87841666666667,83.28641666666667,40590.0,24.69683333333333
2018-03-04 12:00:00,3,9,4,Thursday,Maximum_Load,24.64325,2.8966666666666665,0.02275,82.86925,92.27608333333332,44910.0,50.98825
2018-03-05 18:00:00,3,10,5,Sunday,Light_Load,4.819916666666667,8.40375,0.0025,78.85674999999999,60.709,49230.0,8.317416666666666
2018-03-07 00:00:00,3,10,7,Tuesday,Light_Load,14.645916666666666,1.3025833333333334,0.0124166666666666,70.33725,96.27058333333332,36270.0,29.120916666666663
2018-03-08 06:00:00,3,10,8,Friday,Light_Load,5.126499999999999,6.6066666666666665,0.0026666666666666,76.77974999999999,65.11716666666668,40590.0,8.132583333333333
2018-03-09 12:00:00,3,10,9,Wednesday,Maximum_Load,18.956916666666665,2.6215,0.0135833333333333,74.93291666666667,89.94208333333333,44910.0,31.574416666666664
2018-03-10 18:00:00,3,10,10,Saturday,Medium_Load,5.776583333333334,5.5225,0.0059166666666666,80.27633333333333,74.12708333333333,49230.0,16.547083333333333
2018-03-12 00:00:00,3,11,12,Monday,Light_Load,12.102583333333332,1.5215833333333333,0.0096666666666666,81.09541666666668,95.26375,36270.0,23.553
2018-03-13 06:00:00,3,11,13,Tuesday,Light_Load,19.915166666666668,1.9089166666666664,0.017,78.42233333333334,94.53275,40590.0,38.64308333333334
2018-03-14 12:00:00,3,11,14,Thursday,Maximum_Load,19.157416666666663,4.6955,0.01775,80.94175,85.01816666666667,44910.0,41.337833333333336
2018-03-15 18:00:00,3,11,15,Friday,Medium_Load,19.929166666666667,3.0227500000000003,0.01875,80.88008333333333,91.36258333333332,49230.0,43.08275
2018-03-17 00:00:00,3,11,17,Saturday,Light_Load,4.797916666666667,5.663749999999999,0.0068333333333333,82.46908333333334,82.96350000000001,36270.0,17.36875
2018-03-18 06:00:00,3,11,18,Sunday,Light_Load,6.872416666666667,7.636333333333334,0.0048333333333333,84.02758333333333,64.425,40590.0,13.5015
2018-03-19 12:00:00,3,12,19,Tuesday,Maximum_Load,15.29175,3.0846666666666667,0.01525,83.58625,91.871,44910.0,33.85791666666667
2018-03-20 18:00:00,3,12,20,Wednesday,Medium_Load,12.192833333333336,2.440166666666667,0.015,83.86341666666667,93.84666666666666,49230.0,34.406083333333335
2018-03-22 00:00:00,3,12,22,Thursday,Light_Load,11.932166666666664,1.99125,0.0131666666666666,78.60891666666666,95.92216666666668,36270.0,30.68625
2018-03-23 06:00:00,3,12,23,Friday,Light_Load,18.452583333333333,1.5060833333333332,0.0195833333333333,81.46591666666667,96.74125,40590.0,44.121833333333335
2018-03-24 12:00:00,3,12,24,Sunday,Maximum_Load,2.5179166666666664,6.757833333333334,0.0060833333333333,88.21525,78.62100000000001,44910.0,15.314833333333333
2018-03-25 18:00:00,3,12,25,Monday,Medium_Load,8.854833333333334,5.117166666666667,0.01025,84.61808333333333,82.36774999999999,49230.0,24.82208333333333
2018-03-27 00:00:00,3,13,27,Tuesday,Light_Load,8.94175,2.17425,0.0084166666666666,78.56958333333334,94.21966666666668,36270.0,20.549916666666665
2018-03-28 06:00:00,3,13,28,Wednesday,Light_Load,12.55475,2.3185833333333337,0.0118333333333333,80.86266666666667,93.4875,40590.0,27.243916666666667
2018-03-29 12:00:00,3,13,29,Friday,Maximum_Load,18.67858333333333,2.44125,0.0160833333333333,81.84116666666667,92.62325,44910.0,37.77208333333333
2018-03-30 18:00:00,3,13,30,Saturday,Light_Load,1.75625,10.769583333333337,0.00025,83.20233333333334,53.16824999999999,49230.0,3.6143333333333336
2018-04-01 00:00:00,4,13,1,Thursday,Light_Load,19.203916666666665,1.8714166666666665,0.01875,81.65233333333335,94.739,36270.0,43.73866666666667
2018-04-02 06:00:00,4,14,2,Sunday,Light_Load,1.9784166666666667,10.239083333333332,0.0,83.68016666666668,59.41158333333333,40590.0,4.0835
2018-04-03 12:00:00,4,14,3,Wednesday,Light_Load,10.595333333333334,7.1154166666666665,0.0076666666666666,84.51191666666666,69.69525,44910.0,19.74608333333333
2018-04-04 18:00:00,4,14,4,Friday,Medium_Load,11.460083333333332,7.601833333333333,0.0085833333333333,83.30575,75.2935,49230.0,21.471
2018-04-06 00:00:00,4,14,6,Monday,Light_Load,16.80483333333333,1.4388333333333334,0.0136666666666666,71.63983333333334,94.49858333333331,36270.0,31.6105
2018-04-07 06:00:00,4,14,7,Wednesday,Light_Load,12.096833333333334,2.4454166666666666,0.01125,75.94924999999999,88.62933333333334,40590.0,26.062666666666665
2018-04-08 12:00:00,4,14,8,Tuesday,Light_Load,15.764416666666667,6.193833333333333,0.0121666666666666,79.0565,69.41808333333333,44910.0,27.88325
2018-04-09 18:00:00,4,15,9,Thursday,Medium_Load,19.559166666666663,1.7958333333333334,0.0140833333333333,71.95558333333334,92.79125,49230.0,32.341750000000005
2018-04-11 00:00:00,4,15,11,Sunday,Light_Load,7.91,2.6745,0.0080833333333333,75.8145,85.3305,36270.0,20.83491666666667
2018-04-12 06:00:00,4,15,12,Tuesday,Light_Load,17.14775,1.6575,0.0133333333333333,78.94941666666666,94.60725,40590.0,30.973666666666663
2018-04-13 12:00:00,4,15,13,Saturday,Maximum_Load,5.281083333333333,4.056,0.0103333333333333,86.60158333333334,88.98183333333333,44910.0,22.69575
2018-04-14 18:00:00,4,15,14,Sunday,Light_Load,1.5744166666666668,10.600833333333334,0.0,85.38475,52.81358333333333,49230.0,3.36825
2018-04-16 00:00:00,4,16,16,Monday,Light_Load,12.902416666666666,2.0478333333333336,0.0105,78.0065,93.98508333333332,36270.0,24.94575
2018-04-17 06:00:00,4,16,17,Tuesday,Light_Load,21.02658333333333,1.9185833333333333,0.0208333333333333,83.38341666666666,94.57175,40590.0,46.79208333333334
2018-04-18 12:00:00,4,16,18,Thursday,Maximum_Load,15.890916666666667,4.8945,0.0131666666666666,83.94633333333333,84.22758333333333,44910.0,31.03458333333333
2018-04-19 18:00:00,4,16,19,Friday,Medium_Load,14.385166666666668,4.037166666666667,0.01375,83.65291666666667,88.63891666666667,49230.0,32.51583333333333
2018-04-21 00:00:00,4,16,21,Saturday,Light_Load,5.151916666666667,4.522583333333333,0.0063333333333333,79.43241666666667,83.67033333333333,36270.0,15.733416666666669
2018-04-22 06:00:00,4,16,22,Sunday,Light_Load,8.098333333333333,4.08125,0.0076666666666666,81.32816666666666,83.86858333333333,40590.0,18.61233333333333
2018-04-23 12:00:00,4,17,23,Tuesday,Maximum_Load,11.123166666666666,3.000083333333333,0.0135,85.23208333333334,91.56691666666669,44910.0,30.742083333333333
2018-04-24 18:00:00,4,17,24,Wednesday,Medium_Load,16.02475,3.0671666666666666,0.01575,83.82016666666667,90.83458333333331,49230.0,35.99933333333333
2018-04-26 00:00:00,4,17,26,Thursday,Light_Load,17.892166666666665,1.748916666666667,0.0149166666666666,78.32575,94.62391666666667,36270.0,35.01775
2018-04-27 06:00:00,4,17,27,Friday,Light_Load,14.939166666666669,2.2499166666666666,0.0161666666666666,83.441,94.35741666666668,40590.0,37.32525
2018-04-28 12:00:00,4,17,28,Sunday,Light_Load,1.4831666666666663,10.74325,0.0023333333333333,86.07558333333333,57.96133333333333,44910.0,7.9415
2018-04-29 18:00:00,4,17,29,Monday,Light_Load,11.501,6.2668333333333335,0.00825,80.65916666666666,75.03666666666666,49230.0,20.68575
2018-05-01 00:00:00,5,18,1,Friday,Light_Load,17.50133333333333,2.151333333333333,0.0173333333333333,81.54558333333333,94.29025,36270.0,40.48341666666667
2018-05-02 06:00:00,5,18,2,Monday,Light_Load,18.76558333333333,0.937,0.0225,83.39450000000001,98.06375,40590.0,50.40025
2018-05-03 12:00:00,5,18,3,Thursday,Maximum_Load,15.6565,2.572083333333333,0.017,84.94966666666667,93.21083333333333,44910.0,39.23575
2018-05-04 18:00:00,5,18,4,Saturday,Light_Load,1.9826666666666668,8.82525,0.002,84.07291666666667,61.3895,49230.0,7.06575
2018-05-06 00:00:00,5,18,6,Tuesday,Light_Load,18.89025,1.6389166666666666,0.0149166666666666,71.32441666666666,94.44925,36270.0,34.635666666666665
2018-05-07 06:00:00,5,19,7,Thursday,Light_Load,15.232583333333334,3.20325,0.013,74.73808333333334,86.89758333333333,40590.0,29.88508333333333
2018-05-08 12:00:00,5,19,8,Wednesday,Light_Load,12.598,5.789166666666666,0.0081666666666666,78.75741666666666,70.57625,44910.0,20.662916666666668
2018-05-09 18:00:00,5,19,9,Friday,Medium_Load,15.365333333333332,1.7615833333333333,0.0110833333333333,74.02266666666667,92.7465,49230.0,26.479333333333333
2018-05-11 00:00:00,5,19,11,Monday,Light_Load,17.833166666666667,0.6501666666666668,0.0121666666666666,75.66858333333333,97.81775,36270.0,28.52716666666667
2018-05-12 06:00:00,5,19,12,Wednesday,Light_Load,10.333333333333334,4.586166666666667,0.0085,81.24016666666667,81.51575,40590.0,21.221666666666668
2018-05-13 12:00:00,5,19,13,Monday,Light_Load,10.52075,6.600833333333333,0.0075,82.02275,69.99808333333334,44910.0,18.530666666666665
2018-05-14 18:00:00,5,20,14,Tuesday,Medium_Load,19.171083333333332,2.8858333333333333,0.0160833333333333,79.60991666666668,91.03941666666668,49230.0,37.02458333333333
2018-05-16 00:00:00,5,20,16,Wednesday,Light_Load,15.287333333333333,1.831,0.0141666666666666,73.86383333333333,94.70758333333332,36270.0,33.26566666666667
2018-05-17 06:00:00,5,20,17,Thursday,Light_Load,24.202416666666668,1.612083333333333,0.0203333333333333,76.28566666666667,94.72416666666666,40590.0,46.09758333333333
2018-05-18 12:00:00,5,20,18,Saturday,Maximum_Load,14.559583333333334,3.203583333333333,0.0126666666666666,79.60658333333335,89.29225,44910.0,28.62708333333333
2018-05-19 18:00:00,5,20,19,Sunday,Medium_Load,2.683666666666667,8.865916666666667,0.0018333333333333,80.3725,65.64758333333333,49230.0,6.295333333333334
2018-05-21 00:00:00,5,21,21,Monday,Light_Load,12.792583333333331,1.86675,0.00975,73.63616666666667,94.13466666666666,36270.0,23.05725
2018-05-22 06:00:00,5,21,22,Tuesday,Light_Load,11.365833333333336,3.9355,0.01325,79.3535,85.96341666666667,40590.0,30.995416666666664
2018-05-23 12:00:00,5,21,23,Thursday,Maximum_Load,21.02825,2.478416666666667,0.0212499999999999,81.34383333333334,91.64675,44910.0,47.216
2018-05-24 18:00:00,5,21,24,Friday,Medium_Load,15.033916666666666,2.71275,0.0135,81.24233333333333,91.77658333333332,49230.0,30.986666666666668
2018-05-26 00:00:00,5,21,26,Saturday,Light_Load,4.644583333333333,4.651166666666667,0.0046666666666666,73.44816666666667,82.86383333333333,36270.0,11.2525
2018-05-27 06:00:00,5,21,27,Sunday,Light_Load,6.669083333333333,6.772083333333333,0.00325,76.39508333333333,65.24,40590.0,9.730250000000002
2018-05-28 12:00:00,5,22,28,Tuesday,Maximum_Load,13.766833333333333,2.6101666666666667,0.0130833333333333,80.48633333333333,91.251,44910.0,30.542583333333333
2018-05-29 18:00:00,5,22,29,Wednesday,Medium_Load,14.49625,3.0010833333333333,0.0153333333333333,79.12241666666667,90.0355,49230.0,35.069583333333334
2018-05-31 00:00:00,5,22,31,Thursday,Light_Load,13.00175,3.636416666666667,0.0096666666666666,72.955,86.83924999999999,36270.0,23.719916666666663
2018-06-01 06:00:00,6,22,1,Saturday,Light_Load,9.112666666666666,8.581999999999999,0.0075,88.05925,64.534,40590.0,19.831416666666662
2018-06-02 12:00:00,6,22,2,Tuesday,Maximum_Load,17.725416666666668,1.659,0.0206666666666666,87.6885,97.57208333333332,44910.0,46.375083333333336
2018-06-03 18:00:00,6,22,3,Friday,Medium_Load,14.745416666666667,2.4151666666666665,0.01825,81.89375,93.5285,49230.0,41.491083333333336
2018-06-05 00:00:00,6,23,5,Sunday,Light_Load,2.5225,7.243083333333333,0.0,76.22141666666667,65.0115,36270.0,3.2020833333333334
2018-06-06 06:00:00,6,23,6,Wednesday,Light_Load,20.65383333333333,3.1576666666666666,0.0165,75.945,87.10566666666666,40590.0,37.87866666666666
2018-06-07 12:00:00,6,23,7,Monday,Maximum_Load,20.583583333333333,2.1400833333333336,0.0203333333333333,79.91000000000001,92.69358333333334,44910.0,45.64933333333333
2018-06-08 18:00:00,6,23,8,Thursday,Medium_Load,19.230166666666666,1.8636666666666664,0.014,72.71141666666668,92.72941666666668,49230.0,32.07058333333333
2018-06-10 00:00:00,6,23,10,Saturday,Light_Load,15.626916666666666,0.8520833333333333,0.0114166666666666,66.92266666666667,96.8195,36270.0,26.7185
2018-06-11 06:00:00,6,24,11,Tuesday,Light_Load,18.49833333333333,1.3496666666666668,0.01325,80.26708333333333,94.82075,40590.0,31.657666666666668
2018-06-12 12:00:00,6,24,12,Wednesday,Maximum_Load,10.748083333333334,5.543833333333334,0.0101666666666666,82.44591666666666,81.01466666666667,44910.0,25.132
2018-06-13 18:00:00,6,24,13,Thursday,Medium_Load,12.514666666666669,4.53125,0.011,80.18758333333334,81.22433333333333,49230.0,25.6835
2018-06-15 00:00:00,6,24,15,Friday,Light_Load,14.679166666666667,1.5104166666666667,0.0115,69.95508333333333,94.94591666666666,36270.0,27.2955
2018-06-16 06:00:00,6,24,16,Saturday,Light_Load,2.7676666666666665,8.079333333333333,0.00125,79.56558333333334,66.52691666666666,40590.0,6.110666666666666
2018-06-17 12:00:00,6,24,17,Monday,Light_Load,9.88575,6.51325,0.00975,84.57225,69.67933333333333,44910.0,24.0125
2018-06-18 18:00:00,6,25,18,Tuesday,Medium_Load,10.501833333333334,3.008083333333333,0.0106666666666666,79.22783333333334,90.40333333333334,49230.0,25.187833333333334
2018-06-20 00:00:00,6,25,20,Wednesday,Light_Load,16.2525,1.9205833333333333,0.0123333333333333,70.61675,93.78766666666668,36270.0,29.11725
2018-06-21 06:00:00,6,25,21,Thursday,Light_Load,15.243583333333332,1.7420833333333334,0.0115833333333333,74.30133333333333,94.13041666666666,40590.0,26.646166666666662
2018-06-22 12:00:00,6,25,22,Saturday,Maximum_Load,10.385333333333334,3.446833333333333,0.01,81.26141666666668,89.33041666666666,44910.0,23.5665
2018-06-23 18:00:00,6,25,23,Sunday,Medium_Load,2.0815,8.5315,0.0020833333333333,84.17783333333334,66.26225000000001,49230.0,7.555000000000001
2018-06-25 00:00:00,6,26,25,Monday,Light_Load,12.97925,2.1715,0.0115,74.52483333333333,93.48041666666668,36270.0,26.8
2018-06-26 06:00:00,6,26,26,Tuesday,Light_Load,13.698083333333331,2.0113333333333334,0.0120833333333333,78.179,93.93658333333332,40590.0,27.179916666666667
2018-06-27 12:00:00,6,26,27,Thursday,Maximum_Load,12.564166666666669,4.5728333333333335,0.0111666666666666,80.86433333333333,84.22741666666667,44910.0,26.092583333333334
2018-06-28 18:00:00,6,26,28,Friday,Medium_Load,10.3245,2.6383333333333336,0.01,80.24491666666667,91.14775,49230.0,23.596666666666668
2018-06-30 00:00:00,6,26,30,Saturday,Light_Load,5.957083333333333,3.9449166666666655,0.0046666666666666,77.16691666666667,83.17450000000001,36270.0,12.842833333333337
2018-07-01 06:00:00,7,26,1,Sunday,Light_Load,7.484166666666667,7.8905,0.0048333333333333,86.20241666666668,65.43233333333333,40590.0,13.887
2018-07-02 12:00:00,7,27,2,Wednesday,Maximum_Load,16.350583333333333,2.049333333333333,0.0209166666666666,87.81475,95.80375,44910.0,46.39816666666666
2018-07-03 18:00:00,7,27,3,Saturday,Medium_Load,6.385833333333333,7.975,0.0090833333333333,83.68833333333333,73.09233333333333,49230.0,22.9725
2018-07-05 00:00:00,7,27,5,Monday,Light_Load,19.08383333333333,1.7349166666666669,0.0178333333333333,73.65466666666666,94.49358333333332,36270.0,41.18666666666666
2018-07-06 06:00:00,7,27,6,Thursday,Light_Load,18.30808333333333,1.8846666666666667,0.0149166666666666,75.02399999999999,93.92716666666666,40590.0,33.63558333333334
2018-07-07 12:00:00,7,27,7,Tuesday,Maximum_Load,15.842833333333337,4.74825,0.0155,81.65799999999999,81.47316666666667,44910.0,35.899
2018-07-08 18:00:00,7,27,8,Friday,Medium_Load,19.09475,1.6196666666666668,0.0175,76.23708333333335,93.71758333333334,49230.0,40.955416666666665
2018-07-10 00:00:00,7,28,10,Sunday,Light_Load,2.7310000000000003,5.528333333333333,0.0,71.5335,65.03375,36270.0,2.8288333333333333
2018-07-11 06:00:00,7,28,11,Wednesday,Light_Load,14.779166666666669,1.2435833333333333,0.01225,80.48741666666666,94.86233333333332,40590.0,29.109666666666666
2018-07-12 12:00:00,7,28,12,Friday,Maximum_Load,11.759083333333333,2.4248333333333334,0.0131666666666666,81.25516666666667,93.43708333333332,44910.0,30.47508333333333
2018-07-13 18:00:00,7,28,13,Saturday,Medium_Load,7.810583333333333,4.030083333333334,0.0090833333333333,81.7895,81.26583333333333,49230.0,20.520166666666668
2018-07-15 00:00:00,7,28,15,Sunday,Light_Load,12.86725,3.294166666666667,0.0128333333333333,85.10508333333334,80.4235,36270.0,30.006166666666665
2018-07-16 06:00:00,7,29,16,Monday,Light_Load,21.108416666666663,1.9510833333333333,0.0145,79.81883333333333,88.84875000000001,40590.0,33.623583333333336
2018-07-17 12:00:00,7,29,17,Wednesday,Maximum_Load,17.773500000000002,2.1243333333333334,0.0161666666666666,86.83483333333334,86.63233333333332,44910.0,37.030166666666666
2018-07-18 18:00:00,7,29,18,Thursday,Medium_Load,15.736666666666668,4.177333333333333,0.0136666666666666,87.68708333333333,77.72049999999999,49230.0,32.26291666666667
2018-07-20 00:00:00,7,29,20,Friday,Light_Load,15.269833333333334,2.4923333333333333,0.011,82.25483333333334,82.8905,36270.0,25.99566666666667
2018-07-21 06:00:00,7,29,21,Saturday,Light_Load,6.38775,5.047,0.0046666666666666,83.66916666666665,70.74991666666666,40590.0,12.531416666666669
2018-07-22 12:00:00,7,29,22,Monday,Light_Load,12.055166666666668,5.9446666666666665,0.0078333333333333,87.06808333333333,65.00425,44910.0,19.14608333333333
2018-07-23 18:00:00,7,30,23,Tuesday,Medium_Load,17.971166666666665,2.720666666666667,0.0165,84.72425,85.37683333333332,49230.0,36.79133333333333
2018-07-25 00:00:00,7,30,25,Wednesday,Light_Load,12.591083333333334,2.0479166666666666,0.0113333333333333,75.02591666666667,93.64025,36270.0,26.86825
2018-07-26 06:00:00,7,30,26,Thursday,Light_Load,13.62075,1.7478333333333331,0.01275,75.70716666666667,94.27408333333332,40590.0,29.208666666666662
2018-07-27 12:00:00,7,30,27,Saturday,Maximum_Load,11.033083333333334,2.881833333333333,0.01125,80.57166666666667,89.95933333333333,44910.0,26.33558333333333
2018-07-28 18:00:00,7,30,28,Sunday,Medium_Load,3.32075,5.78525,0.0041666666666666,81.15325,71.4925,49230.0,10.426583333333332
2018-07-30 00:00:00,7,31,30,Monday,Light_Load,14.26325,1.72325,0.011,71.26991666666666,94.2045,36270.0,26.19758333333333
2018-07-31 06:00:00,7,31,31,Tuesday,Light_Load,14.995916666666666,3.94825,0.0135833333333333,80.51774999999999,83.74408333333334,40590.0,32.034083333333335
2018-08-01 12:00:00,8,31,1,Thursday,Medium_Load,24.34416666666667,2.7534166666666664,0.0250833333333333,85.78633333333333,93.08716666666666,44910.0,56.24375
2018-08-02 18:00:00,8,31,2,Thursday,Light_Load,15.889,2.102583333333333,0.01875,88.81458333333333,94.90075,49230.0,41.84558333333334
2018-08-04 00:00:00,8,31,4,Sunday,Light_Load,6.197583333333333,6.113666666666666,0.0069166666666666,78.25166666666668,81.36925,36270.0,17.897916666666667
2018-08-05 06:00:00,8,31,5,Tuesday,Light_Load,19.79925,2.0203333333333333,0.0151666666666666,74.95358333333334,94.19733333333332,40590.0,34.889583333333334
2018-08-06 12:00:00,8,32,6,Sunday,Maximum_Load,13.086083333333333,3.053583333333333,0.0136666666666666,82.66058333333334,88.59341666666666,44910.0,32.279833333333336
2018-08-07 18:00:00,8,32,7,Wednesday,Medium_Load,16.109666666666666,4.224583333333333,0.0126666666666666,77.43458333333334,82.9665,49230.0,30.4635
2018-08-09 00:00:00,8,32,9,Saturday,Light_Load,6.715999999999999,2.754083333333333,0.00475,70.53299999999999,85.01708333333333,36270.0,12.078166666666668
2018-08-10 06:00:00,8,32,10,Monday,Light_Load,23.974666666666668,1.0208333333333333,0.0179166666666666,72.77558333333333,95.57666666666668,40590.0,41.12533333333333
2018-08-11 12:00:00,8,32,11,Saturday,Medium_Load,13.009916666666667,2.3394166666666667,0.0126666666666666,85.872,92.246,44910.0,30.27225
2018-08-12 18:00:00,8,32,12,Monday,Light_Load,19.64325,3.716,0.0164166666666666,77.06533333333333,85.48591666666667,49230.0,37.80883333333334
2018-08-14 00:00:00,8,33,14,Tuesday,Light_Load,17.551416666666668,1.246,0.0144166666666666,69.67824999999999,95.82833333333332,36270.0,34.36541666666667
2018-08-15 06:00:00,8,33,15,Wednesday,Light_Load,17.4285,3.1044166666666664,0.0146666666666666,75.32641666666667,85.10308333333334,40590.0,33.223416666666665
2018-08-16 12:00:00,8,33,16,Friday,Maximum_Load,19.56658333333333,1.71975,0.0145,75.36408333333334,92.60483333333332,44910.0,32.71041666666667
2018-08-17 18:00:00,8,33,17,Saturday,Medium_Load,13.837666666666667,3.4723333333333333,0.01025,79.06325,82.17133333333332,49230.0,24.985666666666667
2018-08-19 00:00:00,8,33,19,Sunday,Light_Load,2.6354166666666665,5.722083333333333,0.0,72.39466666666667,67.27533333333334,36270.0,2.9493333333333336
2018-08-20 06:00:00,8,34,20,Monday,Light_Load,23.137166666666666,1.2674166666666666,0.0156666666666666,72.24925,95.1065,40590.0,35.61233333333333
2018-08-21 12:00:00,8,34,21,Wednesday,Maximum_Load,16.890249999999998,1.751083333333333,0.0136666666666666,78.45966666666666,92.50566666666668,44910.0,30.30483333333333
2018-08-22 18:00:00,8,34,22,Thursday,Medium_Load,12.600916666666668,2.709833333333333,0.0094166666666666,76.72483333333334,86.74891666666667,49230.0,22.854666666666667
2018-08-24 00:00:00,8,34,24,Friday,Light_Load,14.075333333333331,1.0454166666666669,0.0095833333333333,68.54316666666666,95.165,36270.0,22.4445
2018-08-25 06:00:00,8,34,25,Saturday,Light_Load,2.3360833333333333,7.91925,0.0,77.93875,62.54858333333333,40590.0,3.84975
2018-08-26 12:00:00,8,34,26,Monday,Maximum_Load,10.961833333333336,4.914083333333334,0.00725,80.40683333333332,76.18758333333334,44910.0,18.64125
2018-08-27 18:00:00,8,35,27,Tuesday,Medium_Load,11.507083333333332,2.9915833333333333,0.0085,77.904,84.7425,49230.0,20.620833333333334
2018-08-29 00:00:00,8,35,29,Wednesday,Light_Load,13.272333333333334,1.2135,0.0089166666666666,69.31366666666666,95.08575,36270.0,20.775666666666663
2018-08-30 06:00:00,8,35,30,Thursday,Light_Load,17.728166666666667,1.1915833333333334,0.0124166666666666,72.28524999999999,95.07575,40590.0,28.630333333333333
2018-08-31 12:00:00,8,35,31,Tuesday,Medium_Load,20.08625,2.1375,0.0212499999999999,86.3095,93.21075,44910.0,47.278666666666666
2018-09-01 18:00:00,9,35,1,Friday,Light_Load,21.48433333333333,2.0045833333333336,0.0241666666666666,87.40208333333334,94.80491666666668,49230.0,53.70608333333334
2018-09-03 00:00:00,9,36,3,Friday,Light_Load,7.852833333333334,4.505833333333333,0.0074166666666666,83.54983333333332,86.30516666666668,36270.0,19.50633333333333
2018-09-04 06:00:00,9,36,4,Monday,Light_Load,20.704583333333336,1.0764166666666668,0.0174166666666666,79.33033333333333,97.59158333333332,40590.0,40.026
2018-09-05 12:00:00,9,36,5,Saturday,Light_Load,8.523083333333334,6.671166666666666,0.0069166666666666,80.60491666666667,70.72600000000001,44910.0,17.0235
2018-09-06 18:00:00,9,36,6,Monday,Light_Load,10.839916666666666,3.995333333333333,0.0091666666666666,81.148,83.13575,49230.0,22.399083333333333
2018-09-08 00:00:00,9,36,8,Thursday,Light_Load,16.741333333333333,1.3773333333333333,0.0121666666666666,68.87358333333333,95.26241666666668,36270.0,29.252
2018-09-09 06:00:00,9,36,9,Sunday,Light_Load,7.260083333333333,3.6905833333333335,0.0045833333333333,75.73766666666667,81.27600000000001,40590.0,12.780833333333334
2018-09-10 12:00:00,9,37,10,Friday,Medium_Load,19.3475,3.413083333333333,0.0145833333333333,78.81866666666666,85.11633333333333,44910.0,33.53666666666667
2018-09-11 18:00:00,9,37,11,Sunday,Light_Load,3.746333333333333,7.796,0.0025,89.20108333333333,63.63391666666666,49230.0,9.021083333333332
2018-09-13 00:00:00,9,37,13,Thursday,Light_Load,17.712416666666666,1.0081666666666669,0.0115833333333333,69.47591666666668,95.64591666666666,36270.0,27.432583333333334
2018-09-14 06:00:00,9,37,14,Friday,Light_Load,15.414,1.68725,0.0110833333333333,72.89525,91.856,40590.0,24.9495
2018-09-15 12:00:00,9,37,15,Sunday,Light_Load,3.561916666666667,6.629833333333334,0.0025,80.41891666666668,61.27108333333333,44910.0,7.566166666666667
2018-09-16 18:00:00,9,37,16,Monday,Light_Load,17.048416666666665,2.73975,0.0119166666666666,73.56750000000001,85.0285,49230.0,28.17258333333333
2018-09-18 00:00:00,9,38,18,Tuesday,Light_Load,14.454416666666669,0.7731666666666667,0.0095,66.79641666666666,96.78033333333332,36270.0,22.62975
2018-09-19 06:00:00,9,38,19,Wednesday,Light_Load,11.204166666666667,2.665583333333333,0.0088333333333333,74.71491666666667,87.5165,40590.0,20.485
2018-09-20 12:00:00,9,38,20,Friday,Maximum_Load,11.707833333333332,3.5396666666666667,0.0093333333333333,78.64583333333333,85.93758333333334,44910.0,22.52575
2018-09-21 18:00:00,9,38,21,Saturday,Light_Load,2.14725,6.577416666666666,0.0,78.00633333333333,57.2465,49230.0,2.901
2018-09-23 00:00:00,9,38,23,Sunday,Light_Load,3.0974166666666667,4.944249999999999,0.0,68.75591666666666,66.924,36270.0,2.773166666666667
2018-09-24 06:00:00,9,39,24,Monday,Light_Load,2.61375,6.180083333333333,0.0,73.98958333333333,59.497,40590.0,2.8175000000000003
2018-09-25 12:00:00,9,39,25,Wednesday,Light_Load,1.9895833333333333,7.81075,0.0,79.83874999999999,50.18358333333333,44910.0,2.725583333333333
2018-09-26 18:00:00,9,39,26,Thursday,Light_Load,14.13575,2.734083333333333,0.0101666666666666,73.93708333333333,84.53466666666667,49230.0,23.96508333333333
2018-09-28 00:00:00,9,39,28,Friday,Light_Load,12.73275,1.186416666666667,0.0083333333333333,67.73725,94.81525,36270.0,19.613083333333336
2018-09-29 06:00:00,9,39,29,Saturday,Light_Load,6.542916666666667,4.464833333333333,0.0048333333333333,75.93883333333333,76.04066666666667,40590.0,12.731416666666666
2018-09-30 12:00:00,9,39,30,Wednesday,Light_Load,14.487916666666669,5.034166666666667,0.0156666666666666,87.21683333333334,71.79675,44910.0,36.031666666666666
2018-10-01 18:00:00,10,40,1,Saturday,Light_Load,3.814,13.188583333333334,0.0019166666666666,90.23241666666668,55.226416666666665,49230.0,8.815666666666667
2018-10-03 00:00:00,10,40,3,Saturday,Light_Load,1.97975,7.440416666666667,0.0020833333333333,84.35083333333334,79.44183333333334,36270.0,8.539250000000001
2018-10-04 06:00:00,10,40,4,Tuesday,Light_Load,16.738333333333333,2.1559166666666667,0.01375,80.97575,93.71966666666668,40590.0,31.745416666666664
2018-10-05 12:00:00,10,40,5,Sunday,Light_Load,9.4425,6.350750000000001,0.007,80.63799999999999,71.29766666666666,44910.0,17.765
2018-10-06 18:00:00,10,40,6,Tuesday,Light_Load,14.483083333333331,4.021833333333333,0.0125,79.27616666666667,82.75275,49230.0,28.975416666666668
2018-10-08 00:00:00,10,41,8,Friday,Light_Load,17.83575,1.2960833333333333,0.0149166666666666,69.57716666666667,95.00191666666666,36270.0,34.31166666666666
2018-10-09 06:00:00,10,41,9,Monday,Light_Load,19.323083333333333,2.68225,0.0161666666666666,74.11283333333334,87.77199999999999,40590.0,35.928999999999995
2018-10-10 12:00:00,10,41,10,Saturday,Medium_Load,17.43566666666667,1.9708333333333332,0.0164166666666666,78.68783333333334,92.06333333333332,44910.0,37.65583333333333
2018-10-11 18:00:00,10,41,11,Monday,Light_Load,9.601416666666667,5.737666666666667,0.0086666666666666,87.55208333333333,77.40441666666668,49230.0,21.379666666666665
2018-10-13 00:00:00,10,41,13,Saturday,Light_Load,8.772333333333334,3.548,0.0058333333333333,71.09716666666667,84.01583333333333,36270.0,15.05425
2018-10-14 06:00:00,10,41,14,Sunday,Light_Load,8.5325,5.2635,0.0056666666666666,76.28191666666666,67.27858333333333,40590.0,15.080083333333334
2018-10-15 12:00:00,10,42,15,Tuesday,Maximum_Load,26.003916666666665,1.7211666666666663,0.02025,74.74941666666668,93.44675,44910.0,45.23333333333333
2018-10-16 18:00:00,10,42,16,Wednesday,Medium_Load,19.70058333333333,1.9566666666666668,0.01325,73.43716666666666,92.30433333333332,49230.0,31.709666666666667
2018-10-18 00:00:00,10,42,18,Thursday,Light_Load,17.402833333333334,0.8589166666666668,0.0109166666666666,68.23783333333333,96.89325,36270.0,26.35908333333333
2018-10-19 06:00:00,10,42,19,Friday,Light_Load,24.29416666666667,0.5638333333333333,0.0170833333333333,74.62650000000001,97.69241666666667,40590.0,39.217416666666665
2018-10-20 12:00:00,10,42,20,Sunday,Light_Load,7.05225,6.345583333333334,0.0055833333333333,80.84908333333333,68.09466666666667,44910.0,14.99825
2018-10-21 18:00:00,10,42,21,Monday,Light_Load,15.126,2.811333333333333,0.011,75.26875,85.03208333333333,49230.0,26.527
2018-10-23 00:00:00,10,43,23,Tuesday,Light_Load,20.85975,0.421,0.0134166666666666,68.88758333333334,98.22416666666666,36270.0,31.67683333333333
2018-10-24 06:00:00,10,43,24,Wednesday,Light_Load,17.993166666666664,2.786166666666667,0.01225,72.9225,87.99466666666667,40590.0,28.596166666666665
2018-10-25 12:00:00,10,43,25,Friday,Maximum_Load,19.74783333333333,1.8165833333333332,0.0160833333333333,78.40725,93.06216666666666,44910.0,36.5415
2018-10-26 18:00:00,10,43,26,Saturday,Medium_Load,10.642666666666663,3.953,0.0073333333333333,75.54741666666668,82.16033333333333,49230.0,19.10833333333333
2018-10-28 00:00:00,10,43,28,Sunday,Light_Load,3.0305000000000004,5.024249999999999,0.0,70.77891666666666,67.85858333333333,36270.0,3.0309166666666667
2018-10-29 06:00:00,10,44,29,Monday,Light_Load,19.885583333333333,1.18825,0.01775,76.09733333333334,95.69725,40590.0,40.75825
2018-10-30 12:00:00,10,44,30,Wednesday,Maximum_Load,21.371583333333334,1.9293333333333331,0.0175833333333333,79.40233333333335,92.79541666666668,44910.0,40.41766666666667
2018-10-31 18:00:00,10,44,31,Thursday,Medium_Load,23.292166666666667,2.4445833333333336,0.02325,84.07683333333333,93.10425,49230.0,53.54616666666666
2018-11-02 00:00:00,11,44,2,Sunday,Light_Load,2.1154166666666665,8.816333333333334,0.0,83.79275,66.26583333333333,36270.0,4.0955
2018-11-03 06:00:00,11,44,3,Sunday,Light_Load,8.295,1.540166666666667,0.00875,82.02416666666666,99.4075,40590.0,23.1235
2018-11-04 12:00:00,11,44,4,Friday,Maximum_Load,17.523833333333336,2.91025,0.01625,82.25058333333332,91.61408333333334,44910.0,36.492
2018-11-05 18:00:00,11,45,5,Monday,Medium_Load,17.392166666666665,2.7724166666666665,0.01475,77.49258333333334,90.57966666666668,49230.0,34.34916666666666
2018-11-07 00:00:00,11,45,7,Wednesday,Light_Load,10.201916666666667,2.023333333333333,0.0090833333333333,73.17666666666668,93.55075,36270.0,21.39875
2018-11-08 06:00:00,11,45,8,Saturday,Light_Load,18.51175,3.1396666666666664,0.016,74.94133333333333,84.29841666666667,40590.0,36.97258333333333
2018-11-09 12:00:00,11,45,9,Thursday,Maximum_Load,23.6115,1.6788333333333334,0.0188333333333333,76.009,93.88241666666666,44910.0,42.14925
2018-11-10 18:00:00,11,45,10,Sunday,Light_Load,6.132583333333333,6.478166666666667,0.0040833333333333,80.40233333333335,63.511833333333335,49230.0,11.834583333333336
2018-11-12 00:00:00,11,46,12,Tuesday,Light_Load,14.526666666666667,1.52325,0.011,79.66466666666666,95.31816666666668,36270.0,27.74175
2018-11-13 06:00:00,11,46,13,Tuesday,Light_Load,25.36175,0.0264166666666666,0.0220833333333333,78.59774999999999,99.99933333333334,40590.0,50.117916666666666
2018-11-14 12:00:00,11,46,14,Thursday,Medium_Load,19.616,3.4909166666666667,0.0171666666666666,82.52525,86.48908333333334,44910.0,40.38191666666667
2018-11-15 18:00:00,11,46,15,Friday,Light_Load,18.288166666666665,1.6706666666666663,0.0145833333333333,75.37633333333333,93.52441666666668,49230.0,33.12591666666667
2018-11-17 00:00:00,11,46,17,Saturday,Light_Load,14.761,3.2132500000000004,0.0121666666666666,72.39633333333333,85.64025,36270.0,29.018
2018-11-18 06:00:00,11,46,18,Sunday,Light_Load,8.644916666666665,3.2492500000000004,0.0086666666666666,79.17375,84.49833333333332,40590.0,19.681833333333334
2018-11-19 12:00:00,11,47,19,Tuesday,Medium_Load,13.39875,2.5014166666666666,0.0136666666666666,88.2465,92.549,44910.0,31.63975
2018-11-20 18:00:00,11,47,20,Wednesday,Light_Load,14.425,4.1105,0.0156666666666666,89.85808333333333,86.38425000000001,49230.0,36.98916666666666
2018-11-22 00:00:00,11,47,22,Thursday,Light_Load,17.390416666666667,1.56,0.0155833333333333,85.23649999999999,95.32841666666668,36270.0,36.35991666666666
2018-11-23 06:00:00,11,47,23,Friday,Light_Load,16.105416666666667,3.0478333333333336,0.0133333333333333,86.35816666666666,87.77883333333332,40590.0,31.41958333333333
2018-11-24 12:00:00,11,47,24,Sunday,Light_Load,0.9794166666666668,10.990166666666664,0.0,90.88891666666667,49.37316666666666,44910.0,3.4959166666666666
2018-11-25 18:00:00,11,47,25,Monday,Light_Load,14.87075,3.703083333333333,0.0126666666666666,85.97125,84.30025,49230.0,29.79908333333333
2018-11-27 00:00:00,11,48,27,Tuesday,Light_Load,18.39283333333333,1.07025,0.0176666666666666,86.77583333333334,97.49316666666668,36270.0,40.02608333333333
2018-11-28 06:00:00,11,48,28,Wednesday,Light_Load,17.368499999999997,1.598666666666667,0.0168333333333333,84.17375,94.99025,40590.0,39.16466666666667
2018-11-29 12:00:00,11,48,29,Friday,Medium_Load,13.36075,2.3528333333333333,0.01375,85.39808333333333,92.87125,44910.0,31.87975
2018-11-30 18:00:00,11,48,30,Friday,Light_Load,20.72833333333333,2.9079166666666665,0.0215,85.78916666666667,92.26583333333332,49230.0,48.664750000000005
2018-12-02 00:00:00,12,48,2,Monday,Light_Load,13.449000000000002,1.908,0.0150833333333333,81.89283333333333,97.6775,36270.0,33.802
2018-12-03 06:00:00,12,49,3,Monday,Light_Load,14.850833333333332,1.1493333333333335,0.0165,80.38966666666667,97.09816666666669,40590.0,37.64475
2018-12-04 12:00:00,12,49,4,Saturday,Maximum_Load,7.20075,6.872416666666667,0.0080833333333333,84.00116666666666,82.06633333333333,44910.0,19.53983333333333
2018-12-05 18:00:00,12,49,5,Tuesday,Medium_Load,13.469583333333333,4.82625,0.0131666666666666,79.33891666666666,82.80199999999999,49230.0,30.473416666666665
2018-12-07 00:00:00,12,49,7,Thursday,Light_Load,12.299833333333334,2.6748333333333334,0.0090833333333333,70.71525,91.35016666666668,36270.0,22.010166666666667
2018-12-08 06:00:00,12,49,8,Sunday,Light_Load,7.08125,5.971416666666667,0.0035,76.46033333333334,66.136,40590.0,10.26325
2018-12-09 12:00:00,12,49,9,Friday,Maximum_Load,20.28383333333333,1.8821666666666663,0.01475,75.36458333333333,92.3865,44910.0,33.553333333333335
2018-12-10 18:00:00,12,50,10,Monday,Medium_Load,19.932416666666665,1.8301666666666667,0.0164166666666666,78.30641666666666,92.79333333333334,49230.0,37.63608333333333
2018-12-12 00:00:00,12,50,12,Wednesday,Light_Load,12.36275,1.0551666666666668,0.0118333333333333,86.27066666666666,97.67191666666666,36270.0,28.149833333333333
2018-12-13 06:00:00,12,50,13,Thursday,Light_Load,17.2655,1.3043333333333331,0.0179166666666666,89.111,96.55083333333332,40590.0,40.536
2018-12-14 12:00:00,12,50,14,Saturday,Light_Load,9.040833333333332,7.090083333333333,0.00875,89.80641666666666,71.69375,44910.0,22.85975
2018-12-15 18:00:00,12,50,15,Sunday,Light_Load,7.4315,6.831583333333333,0.00675,89.56725,73.47341666666667,49230.0,17.528666666666666
2018-12-17 00:00:00,12,51,17,Monday,Light_Load,7.97175,3.533583333333333,0.0075,86.34541666666668,88.29891666666667,36270.0,19.201416666666667
2018-12-18 06:00:00,12,51,18,Tuesday,Light_Load,16.580583333333333,3.61225,0.01525,88.23724999999999,87.62983333333334,40590.0,35.5635
2018-12-19 12:00:00,12,51,19,Thursday,Medium_Load,16.820333333333334,4.409000000000001,0.0166666666666666,90.25875,85.93083333333334,44910.0,37.997166666666665
2018-12-20 18:00:00,12,51,20,Friday,Light_Load,8.251583333333334,6.503833333333334,0.0078333333333333,90.32041666666667,77.14075,49230.0,20.1965
2018-12-22 00:00:00,12,51,22,Saturday,Light_Load,1.5969166666666663,7.209916666666666,0.0,88.43816666666666,66.24133333333333,36270.0,3.798166666666667
2018-12-23 06:00:00,12,51,23,Sunday,Light_Load,4.1545000000000005,7.103166666666667,0.00325,90.81483333333334,66.34666666666666,40590.0,10.4765
2018-12-24 12:00:00,12,52,24,Tuesday,Light_Load,2.5424166666666665,9.04675,0.0031666666666666,92.34175,62.11808333333333,44910.0,10.18175
2018-12-25 18:00:00,12,52,25,Wednesday,Light_Load,6.6105833333333335,6.2876666666666665,0.007,89.8445,75.10516666666668,49230.0,17.461583333333333
2018-12-27 00:00:00,12,52,27,Thursday,Light_Load,7.930666666666667,2.01725,0.0089166666666666,88.62349999999999,94.68241666666668,36270.0,22.575916666666668
2018-12-28 06:00:00,12,52,28,Friday,Light_Load,5.35025,6.422666666666667,0.0060833333333333,90.161,77.64341666666665,40590.0,16.2245
2018-12-29 12:00:00,12,52,29,Sunday,Light_Load,1.034333333333333,10.530583333333334,0.0,91.59075,50.01558333333333,44910.0,3.579416666666667
2018-12-30 18:00:00,12,52,30,Monday,Light_Load,1.0735,9.400083333333331,0.0,91.63758333333334,54.59458333333334,49230.0,3.521416666666666
